:020000040800F2
:10000000686B0020810300086B5C0008234F000828
:10001000695C00080912000849740008000000002B
:10002000000000000000000000000000C102000805
:10003000B9160008000000001D0300081D65000837
:100040009B0300089B0300089B0300089B03000818
:100050009B0300089B0300089B0300089B03000808
:100060009B0300089B0300089B030008E91300089A
:10007000F5130008011400080D14000819140008F5
:100080002514000800000000250B00089B03000851
:100090009B0300089B0300089B030008BB16000895
:1000A000BD650008C96500089B0300089B030008A4
:1000B0009B0300089B0300089B0300089B030008A8
:1000C0009B0300089B0300089B0300089B03000898
:1000D000E55D000825740008317400083D740008CF
:1000E0009B0300089B0300089B0300089B03000878
:1000F0009B0300089B0300089B030008000000000E
:10010000000000009B030008000000009B030008A3
:100110009B03000800000000D5650008E1650008A9
:10012000311400089B0300089B0300089B03000890
:100130009B03000800000000000000009B03000873
:100140009B0300089B030008000000000000000063
:10015000000000000000000000000000000000009F
:100160000000000000000000000000009B030008E9
:100170009B030008000000000000000000000000D9
:10018000000000009B0300080000000000000000C9
:10019000000000000000000000000000000000005F
:1001A00000000000000000009B0300089B03000803
:1001B0009B0300089B0300089B030008000000004D
:1001C000000000009B030008000000000000000089
:1001D0009B0300089B03000800F002F800F060F8A1
:1001E0000AA090E8000C82448344AAF10107DA4592
:1001F00001D100F055F8AFF2090EBAE80F0013F084
:10020000010F18BFFB1A43F001031847B093000019
:10021000D093000010F8013B0A4413F0030408BF18
:1002200010F8014B1D1108BF10F8015B641E05D0CA
:1002300010F8016B641E01F8016BF9D1002D15D087
:1002400010F8014B03F00C030C2BA1EB04040ABFC4
:1002500010F8013BA4EB8314A4EB032405F1010384
:1002600014F8016B5B1E01F8016BF9D5914238BFA0
:1002700010F8013BD1D3704700230024002500264D
:10028000103A28BF78C1FBD8520728BF30C148BFF9
:100290000B6070471FB509F007F91FBD10B510BD01
:1002A00000F09EF91146FFF7F5FF08F06BF800F03B
:1002B000BCF903B4FFF7F2FF03BC00F0BFF9000084
:1002C0002C4B19680868B0E8F04F80F30988BFF339
:1002D0006F8F4FF0000080F311887047000000001E
:1002E00008480068006880F308884FF0000080F339
:1002F000148862B661B6BFF34F8FBFF36F8F00DF14
:1003000000BF00BF08ED00E0DFF80C00016841F419
:1003100070010160704700BF88ED00E0EFF30980D5
:10032000BFF36F8F134B1A681EF0100F08BF20ED3C
:10033000108A20E9F04F106009B44FF0500080F3AC
:100340001188BFF34F8FBFF36F8F08F0FFFE4FF0A0
:10035000000080F3118809BC19680868B0E8F04F04
:100360001EF0100F08BFB0EC108A80F30988BFF3AD
:100370006F8F7047B4150020EFF3058070470000C1
:100380000948804709480047FEE7FEE7FEE7FEE729
:10039000FEE7FEE7FEE7FEE7FEE7FEE70448054965
:1003A000054A064B70470000AD650008D9010008FA
:1003B00068650020686B002068670020686700207F
:1003C00053EA020C00F069802DE9F04B4FF0000673
:1003D000002B1FBFB3FA83F503FA05F424FA05F6E0
:1003E0005E4012BF1643B2FA82F502FA05F4C5F177
:1003F00020051EBF22FA05FC44EA0C04203556EA0B
:10040000044C4FEA144418BF641C4FF000084FF02E
:100410000009904271EB030C39D3002919BFB1FADE
:1004200081F701FA07F6B0FA80F700FA07F6C7F18C
:1004300020071EBF20FA07FC46EA0C062037B6FB51
:10044000F4FCA7EB0507103F07F01F0BCBF12006CC
:100450000CFA0BFB2CFA06F644BFB3460026202FFD
:10046000A4BF5E464FF0000B5BEA060C08BF4FF0DE
:10047000010B19EB0B09ABFB027C48EB0608C01B18
:1004800006FB02CC0BFB03CC71EB0C01C1E70B4666
:10049000024641464846BDE8F08B13B54FF00000D8
:1004A0004FF00001AFF30080BDE81C40704710B56D
:1004B000203AC0F00B80B1E81850203AA0E818505C
:1004C000B1E81850A0E81850BFF4F5AF5FEA027C1D
:1004D00024BFB1E81850A0E8185044BF18C918C08C
:1004E000BDE810405FEA827C24BF51F8043B40F82D
:1004F000043B08BF7047D20728BF31F8023B48BF12
:1005000011F8012B28BF20F8023B48BF00F8012B4F
:10051000704702F0FF0343EA032242EA024200F07E
:1005200037B84FF0000200B513469446964620397E
:1005300022BFA0E80C50A0E80C50B1F12001BFF49C
:10054000F7AF090728BFA0E80C5048BF0CC05DF802
:1005500004EB890028BF40F8042B08BF704748BF50
:1005600020F8022B11F0804F18BF00F8012B7047C4
:1005700070477047704710B500F02AF8006810BD4A
:1005800010B5044600F024F8046010BD4FF00002DE
:100590000429C0F0128010F0030C3FF4C4AFCCF17A
:1005A000040CBCF1020F18BF00F8012BA8BF20F803
:1005B000022BA1EB0C01FFF7B6BF5FEAC17C24BFA1
:1005C00000F8012B00F8012B48BF00F8012B704701
:1005D000004870470465002000487047046500200B
:1005E0007546FFF7F9FFAE4605006946534620F011
:1005F0000700854618B020B5FFF7D0FEBDE82040C3
:100600004FF000064FF000074FF000084FF0000BCE
:1006100021F00701AC46ACE8C009ACE8C009ACE881
:10062000C009ACE8C0098D46704710B50446AFF369
:1006300000802046BDE81040FFF73BBE014918206E
:10064000ABBEFEE726000200704701804280436097
:10065000704700002DE9F04F81B02DED028B8EB078
:10066000B0F800C0B0F802A0D44540F03A810B8841
:10067000FD229C4540F036814F88BB4240F03281DC
:1006800040689FEDB08ABCF1000F009000F031810E
:100690004C686FF0030000EB8C09002700266546CC
:1006A000CDF828C0204609940A98401B08D0B10014
:1006B0002046FFF736FF3846013004F10404FBD32F
:1006C00004F1040BB5F101084FF07E50206012D008
:1006D000A9EB86015846FFF724FF01205C4600BFC6
:1006E0000130854204F10404FAD10136013FB8F12A
:1006F000000F4546D8D1DDF828C0BCF1000F00F04E
:10070000F8804FEACA00043002900998009900EB83
:100710008A00C0F10009042000EB8A00ACF1010856
:1007200001EB8A054FEA8A03019001F1040B4FF0B7
:10073000000E0F46564600200A460490039300BF61
:100740000EFB0AF002EB800191ED000A0C91099971
:10075000B5EE400AF1EE10FA01EB80000D90CDF8F5
:100760002080CDE906950B922ED10EF10100604557
:100770000DD20020414600BF2A1892ED000AB5EEC6
:10078000400AF1EE10FA06D101391844F4D1049868
:10079000012817D0D4E0A0EB0900002157F8213040
:1007A000146842F8043B47F8214001318E42F5D1EC
:1007B0000D9A51461368046840F8043B013942F829
:1007C000044BF7D1012004900C99AAEB0E0991ED8E
:1007D000008AB9F1010F4FF07E5008600DD0012062
:1007E000594600BF91ED000A013080EE080A8642AA
:1007F00081ED000A01F10401F4D10D995046CDF8C4
:1008000014B000BF91ED000A013880EE080AA1EC97
:10081000010AF7D1DDF82C800998A9F1010B00221B
:10082000654600BF724505D108EB890300EB8A00DD
:1008300036E000BF0C9998ED008A91ED000ABBF1FB
:10084000000F28EE000A38EE400A88ED000A17D0A3
:100850000123042107EB010C08EB01049CED000AC5
:1008600094ED001A28EE000A013331EE400A9E4250
:1008700001F1040184ED000AECD108EB010301E071
:1008800008F104030D9C5146B4EC011A90ED000AE6
:1008900028EE011A30EE410AA0EC010A0139F3D129
:1008A00003EB8E08013D02F10102BBD1079D0298C6
:1008B0000B9ADDF820800544039BDDF81890019821
:1008C000DDF814B0DDF828C00432013E0EF1010E4F
:1008D000A8F10108A9EB0309074483447FF430AF72
:1008E00009E0FD2250B20EB0BDEC028B01B0BDE8B4
:1008F000F08F00200490B5EE408AF1EE10FA4FF030
:100900000002EFD104980128ECD00AFB0CF14FF063
:1009100000004FF0000271B1009B00BF93ED000A90
:10092000B5EE400AF1EE10FA05D10132914203F121
:100930000403F3D10A468A4208BF6FF00400D2E7ED
:10094000FB22CFE7000000002DE9F04F85B047887B
:100950000B889F4240F08480B0F800B013889B451C
:1009600040F07E80B1F802E053889E4578D1D0F8FF
:100970000480506849680190BC0827F0030008EB28
:10098000800604FB0EF09FED390A07F0030C02917C
:1009900001EB00104FEA8E0200210090CDE903E741
:1009A0000198DDF808A0009B00EB8109B0EE401A29
:1009B0005746404674B3554627464046B0EE401A67
:1009C00095ED002A90ED003A154490ED014A23EE92
:1009D000022A95ED003A154490ED025A31EE021AC2
:1009E00024EE032A95ED003A154490ED036A31EEAA
:1009F000021A25EE032A95ED003A31EE021A26EE90
:100A0000032A31EE021A013F00F110001544D7D13C
:100A10001F463046BCF1000F0CD0654690ED002A11
:100A200097ED003A043022EE032A31EE021A013D1E
:100A30001744F3D1A9EC011ABEF1010E0AF1040A20
:100A400003F10403B2D1DDF80CE0049F714408EB1C
:100A50008708BBF1010B06EB8706A1D1002000E05F
:100A6000FD2040B205B0BDE8F08F00BF00000000DF
:100A70002DE9F04FB0F800A04A88924545D1428850
:100A80000B889A4241D1D1F804C046684FEA9208D7
:100A900002F003094FEA0A1E4FEA8A014FF0000BE9
:100AA000624600BFB8F1000F1AD01546474600BF96
:100AB000336828462B6073680D444350B3686C1844
:100AC0006B50F56806F1100366186550013F06EBA0
:100AD00001051E46ECD100EB0E071E4602E000BFEA
:100AE0000CEB8B07B9F1000F06D0484656F8043BD3
:100AF00001383B600F44F9D10BF1010BBAF1010A47
:100B000002F10402CED1002000E0FD2040B2BDE899
:100B1000F08FB5EEC00AF1EE10FA01D2B1EE400A44
:100B200070470000014801F0CDB900001C160020FC
:100B300010B5846AE16D11F0500F06D0E16DC90661
:100B400030D5204601F0BCF910BDE06D40F40070D6
:100B5000E06520680168090712D504F0CDFCE8B112
:100B60002068C068800419D4E06D20F48070E065CE
:100B7000E06DC00412D4E06D40F00100E0650DE0CE
:100B8000C06880070AD4E06D20F48070E065E06DF5
:100B9000C00403D4E06D40F00100E065204601F0A0
:100BA0008DF910BD616D496BBDE81040084710B567
:100BB000806AC16D41F04001C165016E41F00401E0
:100BC000016601F07DF910BD10B5806A01F077F97A
:100BD00010BD000070B5044620688168C1F340056F
:100BE00004F082FC78B375BB2068816801F00D01C8
:100BF000012909D0E06D40F01000E065206E40F062
:100C000001002066012070BD8168124A1140891CD4
:100C1000816021680320086001F00CFF054613E0A5
:100C200001F008FF401B02280ED920688068C00729
:100C30000AD0E06D40F01000E065206E40F0010049
:100C40002066012070BD03E020688068C007E7D1FE
:100C50000020F7E7C0FFFF7FF8B5044600200090B2
:100C6000206804F041FC78BB20688168284A114262
:100C700009D0E06D40F01000E065206E40F001000A
:100C800020660120F8BD8168214E7F3E3140491C1D
:100C900081602048806800F0E070000210D51E4896
:100CA0001E490068B0FBF1F0401C00EB40008000E2
:100CB000009002E00098401E009000980028F9D1B2
:100CC00001F0B8FE05461CE020E004F00DFC20B960
:100CD000206881683140491C816001F0ABFE401BF7
:100CE00002280ED920680068C043C00709D0E06D13
:100CF00040F01000E065206E40F001002066012009
:100D0000F8BD20680168C943C907DED10020F8BDDD
:100D10003F0000800003005020000020400D030031
:100D200010B50D48C08B9FED0D1A00EE100A0D4C4A
:100D3000F8EE400A80EE810ADFED090A20EE200A73
:100D400084ED000A9FED081ADFED080A084804F058
:100D50008DFB84ED000A10BD5421002000F07F457A
:100D60009A995941B41100200000FA430AD7233C54
:100D7000C822002010B57F21074800F031FE102264
:100D80000649054801F040FB06489FED050A80ED45
:100D9000010A80ED000A10BD1C160020542100201D
:100DA00000000000C822002010B500F023F800F079
:100DB0003EF800F051F8BDE8104000F045B80000E2
:100DC000DFED090A094801E030EE600A10EE101A62
:100DD0008142F9DC064901E030EE200A10EE100AEB
:100DE0008842F9D8704700000000B4430000344343
:100DF000000034C301221103014801F014BE0000B9
:100E00000004004800224FF48051014801F00BBE5D
:100E100000040048002805D0012805D0022805D18B
:100E200000F01AB8FFF7E6BF00F001B870470122E2
:100E300011024FF0904001F0F6BD00224FF4807196
:100E40004FF0904001F0EFBD0122D102014801F0C6
:100E5000EABD0000000400480122D1024FF090409A
:100E600001F0E1BD00224FF400614FF0904001F02D
:100E7000DABD002805D0012805D0022805D1FFF7EA
:100E8000F1BFFFF7BFBFFFF7D8BF704710B5002213
:100E90001121104600F094F90C220F21002000F0DF
:100EA0008FF91F221021002000F08AF90022112161
:100EB000012000F085F900220F21012000F080F9C7
:100EC00002221021BDE81040012000F079B9000095
:100ED000F0B504462DED028B85B00D462046FFF798
:100EE000C8FF0022039204920192029245F0800111
:100EF0008DF80C1041F288310091072301AA03A953
:100F0000A44802F05DFD2046FFF784FF9FEDA28A12
:100F1000A24EACB3012C7DD0022C2DD19DF8060041
:100F20009DF80510400140EAD100404200EE100A51
:100F3000B8EEC00A86ED0C0A9DF808009DF807106F
:100F4000400140EAD100404200EE100AB8EEC00A6B
:100F500086ED0D0A9DF80A009DF80910C00140EACF
:100F60005100404200EE100AF5EE040AB8EEC00A45
:100F700020EE200A86ED0E0A05B0BDEC028BF0BD16
:100F8000FFE79DF805009DF8061040EA012000B239
:100F900000EE100AF8EEC00A9FED810A60EE800AAA
:100FA000C6ED070A9DF807009DF8081040EA0120E9
:100FB00000B200EE900AF8EEE00A20EE800A86ED1C
:100FC000060A9DF809009DF80A1040EA012000B2C7
:100FD00000EE100AB8EEC00ADFED720A20EE200A19
:100FE00086ED080A0024704F06EB8405A86906F018
:100FF000C8FC38B995ED060AB0EEC00A10EE100A2A
:10100000B84203DD95ED090A85ED060A641C032C40
:10101000EADB00E02DE096ED060AB0EE481AF7EEA6
:10102000000A624804F022FA86ED060A5F4896ED4F
:10103000070AB0EE481AF7EE000A0C3004F016FA70
:1010400086ED070A594896ED080AB0EE481AF7EE01
:10105000000A183004F00AFA86ED080A002006EBB0
:10106000800191ED060A81ED090A401C0328F6DB98
:1010700082E79DF805009DF8061040EA012000B2C5
:1010800000EE100AF8EEC00A9FED490A80EE801AC1
:1010900086ED011A9DF807009DF8081040EA01202E
:1010A00000B200EE900AF8EEE00A80EE801A86EDBB
:1010B000001A9DF809009DF80A1040EA012000B2CC
:1010C00000EE900AF8EEE00A80EE801A86ED021A31
:1010D0000024384F06EB8405286806F052FC38B926
:1010E00095ED000AB0EEC00A10EE100AB84203DD1A
:1010F00095ED030A85ED000A641C032CEADB96F8E3
:10110000640168B1002006EB800191ED000AD1ED89
:10111000530A30EE600A81ED000A401C0328F2DB1E
:10112000224896ED000AB0EE481AF7EE000A243085
:1011300004F09CF986ED000A1C4896ED010AB0EE19
:10114000481AF7EE000A303004F090F986ED010AF3
:10115000164896ED020AB0EE481AF7EE000A3C3047
:1011600004F084F986ED020A0020DFED130A06EB95
:10117000800191ED000A20EE201A81ED121A81ED16
:10118000030A401C0328F2DB0C490878401C087055
:10119000F2E60000E816002000007A44F01D00206E
:1011A0000000003A000000BA00007841D42200207C
:1011B000333383410080ED4435FA8E3C4C110020DE
:1011C000FEB507460C4615463846FFF752FE002688
:1011D000009602E0009B5B1C0093009B0A2BF9DB4E
:1011E0008DF808408DF80950019641F28830009042
:1011F000022301AA02A9034802F0E2FB3846FFF7E6
:1012000009FEFEBDE8160020FEE7000010B501F063
:1012100011FC0D4C20626078A07080214FF090404E
:1012200001F0FAFB401C607000F01AFAA169206A14
:10123000401AE06100F096FAA079072803D1BDE8D2
:10124000104004F0E1BE10BD5C1D002007B505494B
:1012500001200870A1F108009DE80E0014300EC0B6
:101260000EBD0000CC0000202DE9FC410446012108
:101270002078384F4FF000084FF47A76002805D0D8
:1012800001281FD1397087F8018025E0787800287F
:1012900018D13970A08810B100F05EF801E000F0BC
:1012A0007FF894ED020A4FF47A71BCEEC00A10EE9A
:1012B000100A4843B0FBF6F007F042FE00F070F869
:1012C00087F80080BDE8FC81797881B10A2007F0B9
:1012D00037FE2078022803D0216978688142F3D84C
:1012E000C7F8048000F05CF887F80080EAE7E1685E
:1012F00001EBC00003C8CDE90001A08A9DED010A01
:1013000000F05AF80546BDF8000010B100F024F8CE
:1013100001E000F045F8052D11D94B2007F010FE33
:10132000503D4FF47A704543B5FBF6F007F008FEE8
:10133000002000F011F8052007F002FE06E04FF44F
:101340007A704543B5FBF6F007F0FAFD7868401C6B
:101350007860BEE7C400002030B50F4B41F2893100
:1013600000241A68884201D3D46330BDAA214843BF
:101370000A49B1FBF0F0401E0521B0FBF1F101B9C3
:101380000121AA2595621A68D062D8601868C163E5
:101390001868446230BD00004C17002080FE210A0E
:1013A000034902200870034900200968C863704798
:1013B000CC0000204C17002000EE900ADFED081A48
:1013C000B8EE601AC1EE810A9FED061A60EE810A3E
:1013D00020EE200ABCEEC00A10EE100A7047000092
:1013E0000000704200007A44014801F0FEB800009D
:1013F00088160020014801F0F8B80000D01A00203B
:10140000014801F0F2B80000301B0020014801F053
:10141000ECB80000901B0020014801F0E6B8000085
:10142000F01B0020014801F0E0B80000501C002033
:10143000014801F0DAB80000B01C002010B50268C5
:101440000E4CD1B214230839A24203D20C4AB1FB8C
:10145000F3F104E00A4A2032B1FBF3F1891D436C39
:1014600023F003031A448264054A8032C26401F007
:101470001F0201219140016510BD000008040240D7
:1014800000080240017901F07F01074A491E02EB82
:1014900081024265044A4032826501F01F02012147
:1014A0009140C165704700000009024030B5D0E9A5
:1014B00013546C60446D002C02D0D0E916546C605B
:1014C00090F8444004F01F050124AC40056C6C60AA
:1014D000046863608368102B04D003689960006817
:1014E000C26030BD03689A600068C16030BD000012
:1014F000012804D0022805D1034800F041B8024871
:1015000000F004B8704700003C11002015490A782B
:10151000AA2A07D10A468378D278012B03D0022B5E
:1015200000D10271704742710A7982714A79C2F31F
:10153000C002C2714A79C2F3800202724A79C2F3D0
:1015400040024272497901F00101817206484378F4
:10155000002BE7D1002AE5D10029E3D10121417018
:1015600070470000B61D00207C11002003490220B6
:10157000087001228A70FFF7BBBF00003C110020F9
:1015800070B504461D4803F0BBF81C4801F07DFA15
:101590001B490020C1F80300C871194DA178AA2287
:1015A000ED1C012915D0022926D12A70A078687077
:1015B0000120A870E078E8700421284606F0BCFD00
:1015C000E07228712946BDE8704005220B4803F0FF
:1015D00043BC2A70A1786970A87009480321C01C17
:1015E00006F0AAFDE072E870BDE8704004490422EC
:1015F000C91C024803F030BC70BD00001419002063
:10160000241100200246034902200870CA70887025
:10161000FFF76EBF3C11002000B500F053F85DF8F5
:1016200004EB04F03FBF0000F5EEC00AF1EE10FA43
:1016300006D9B4EEE00AF1EE10FA02DD30EE600AEF
:101640007047B1EE601AB4EEC10AF1EE10FA02D2A0
:1016500030EE200A70479FED010A7047000000003D
:1016600010B5144C00222046218940781E2906D846
:10167000A378984202D1491C218100E0228121896E
:101680001E290DD12281E1782171E070012801D15C
:10169000022906D0022803D1012901D1042060715A
:1016A00010BD0320607107F02BFEA06107F028FE3B
:1016B000206210BD5C1D00207047802001F0C4B87E
:1016C00072B6FEE700210B4A02EB810090ED180A8A
:1016D00080ED1B0A90ED150A80ED180A90ED0F0AB7
:1016E00080ED120A90ED0C0A80ED0F0A491C0329C7
:1016F000EADB7047342000202DE9F043F0EE403A59
:101700000024164E164F06F2EC48C4EBC40000EB62
:10171000800006EB800000F5D27907EB8405B0EE7F
:10172000631AD5ED150A95ED0C0A06F07DFE08EB5F
:10173000840080ED000AD5ED1E1AF0EE400AB0EEEE
:10174000631AB0EE610A484606F06EFE85ED270A80
:10175000641C032CD9DBBDE8F08300001C230020AF
:101760003420002070B5304C0A2601226079002513
:10177000032802D0042848D12AE0E069A0F1320110
:10178000B1F5E17F02D80520A0713EE0A0F5FA7125
:10179000FA2902D20620A07137E040F2EE239842E7
:1017A00033D3A189E181B0FBF3F080B2A081814203
:1017B00001D084F8242094F82400012803D184F86F
:1017C000245004F0BDFAA0890A281ED3A6811CE08B
:1017D000A079052802D0062817D114E0207C00B992
:1017E0002274207C012810D1206A60616089401C2D
:1017F000608184F8245004F0A3FA60890A2800D399
:101800006681657101E003F097FE6169206A401A04
:10181000B0F5167F06D3207C012803D1BDE87040C7
:1018200004F05CBE70BD00005C1D002080ED060A67
:10183000C0ED070A7047000010B50A4A0A4CB2F919
:101840000201411CA2F80211B0F5FA7F06DD042066
:1018500005F084FE0520E071FFF7A2FD0020607016
:1018600010BD00003420002054110020094890EDE4
:101870000C0A80ED150A90ED3D0A80ED160A90EDF8
:101880003E0A80ED170A0448407F002801D105F088
:1018900065BE704734200020C01D002010B5154AD9
:1018A000154892F86411012917D1144B19894C1C61
:1018B0001C81B1F57A7F10D300211981022182F8B1
:1018C000641192ED200A80ED3C0A92ED210A80ED30
:1018D0003D0A92ED220A80ED3E0A90ED0C0A80ED61
:1018E000150A90ED3D0A80ED160A90ED3E0A80ED56
:1018F000170A10BDF01D00203420002054110020D4
:10190000F0B58DB0334C94ED3D0A84ED160A94ED9C
:101910000C0A04F58A7585ED000A94ED0E0A85ED32
:10192000020A2D4F04F5847697F82C00012827D160
:1019300007F08CFA3022394601A8FEF7B8FD07F00F
:10194000A5FA9DF82100012817D19DED050AD4EDD7
:101950000E0A30EE200A86ED020A94ED0C0A1F49A9
:1019600010EE100A884206D9DDED040A30EE800A36
:1019700086ED000A01E086ED000A002087F82C00C1
:10198000787F78B994ED0C0A86ED000AD4ED0E0A42
:10199000C6ED020A85ED000AC5ED020A84ED150ABE
:1019A000C4ED170AD6ED020A95ED020A0020B1EE49
:1019B000041A05F08DF884ED170AD6ED000A95EDAE
:1019C000000A0020B1EE041A05F082F884ED150A31
:1019D0000DB0F0BD34200020C01D0020000020C14B
:1019E000F8B504460E460025009594F858000128E5
:1019F00010D0012084F858002046FFF7EBF803468A
:101A0000180009D0E06D40F01000E06584F85850EF
:101A10001846F8BD0220F8BDE06D20F4885040F073
:101A20000200E06520688168124A114006F0804299
:101A3000114341F0004181600F4920680FE0009A96
:101A4000521C0092009A8A4209D3E06D20F00200F5
:101A500040F01000E06584F858500120F8BD82681D
:101A6000D20F002AEBD1E06D20F0020040F001001F
:101A7000E065CBE7C0FFFF3F02DE04007047704720
:101A800070477047704700002DE9F84F04460D4637
:101A9000002600270097DFF8F49394F858000128F7
:101AA00011D04FF0010884F85880206803F020FD21
:101AB00058B1E06D40F02000E065012684F85870D0
:101AC0003046BDE8F88F0220FBE7A98820682A6825
:101AD00001F4407300EB9310036B01F01F014FF012
:101AE0001F0C0CFA01FCC2F3846223EA0C038A4047
:101AF00013430363206803F0FBFC8246206803F075
:101B0000EFFC5AEA000A3CD1AA68B2F1004F39D082
:101B10002968206803F0F8FC2068416921F0004141
:101B2000416120686A69C168C1F3C10149008A4006
:101B30002969042934D02B6800EB8100016EDFF89D
:101B400050C303F0F84301EA0C011343194341F079
:101B50000041016620682A69A96900EB8200026ED3
:101B600022F080720A430266297F20682A690129CF
:101B700013D0002100EB8200026E22F000720A43B3
:101B800002667CE029680022206803F0BDFC206822
:101B9000416941F000414161C3E74FF00071E9E75D
:101BA000002103F097FC40036ED00021206803F071
:101BB00091FC90FAA0F0B0FA80F1286842036AD054
:101BC00090FAA0F0B0FA80F0814204D100221146D0
:101BD000206803F0A8FC0121206803F07BFC40038F
:101BE0005CD00121206803F075FC90FAA0F0B0FAF7
:101BF00080F12868420358D090FAA0F0B0FA80F043
:101C0000814204D100220121206803F08CFC0221D2
:101C1000206803F05FFC40034AD00221206803F0F3
:101C200059FC90FAA0F0B0FA80F12868420346D03F
:101C300090FAA0F0B0FA80F0814204D10022022193
:101C4000206803F070FC0321206803F043FC40038C
:101C500038D00321206803F03DFC90FAA0F0B0FAE0
:101C600080F12868420334D090FAA0F0B0FA80F0F6
:101C7000814204D100220321206803F054FC206833
:101C800003F032FC40B3B0E00021206803F022FCF6
:101C9000C0F3846191E7C0F3846095E70121206877
:101CA00003F018FCC0F38461A3E7C0F38460A7E7E6
:101CB0000221206803F00EFCC0F38461B5E7C0F395
:101CC0008460B9E70321206803F004FCC0F3846159
:101CD000C7E7C0F38460CBE720682A7B296850F807
:101CE000B03FC1F3120C23EA0C0302F0180C694A4E
:101CF00022FA0CF20A4013430360E868484574D1A5
:101D00002868410319D090FAA0F1B1FA81F1491C79
:101D100001F01F01092931D84103002910D090FAA0
:101D2000A0F1B1FA81F101F1010101F01F0108FAFE
:101D300001F808D1C0F3846109E0C0F38461E6E7EB
:101D4000C0F38461EFE790FAA0F1B1FA81F101F1FB
:101D5000010101F01F0148EA816102D1C0F38460F2
:101D600003E090FAA0F0B0FA80F000F1010000F07A
:101D70001F0000EB400041EA005132E04FEA4031E1
:101D800000290DD090FAA0F1B1FA81F101F1010121
:101D900001F01F0108FA01F805D1C0F3846106E0E3
:101DA000C0F38461F2E790FAA0F1B1FA81F101F198
:101DB000010101F01F0148EA816102D1C0F3846092
:101DC00003E090FAA0F0B0FA80F000F1010000F01A
:101DD0001F00A0F10A0000EB400041EA005040F073
:101DE0000071AA68206803F08FFB2B482968014224
:101DF0003FF464AE294A906800F0E070284B9942A5
:101E000002D0284B99421FD103021DD42168B1F1A1
:101E1000A04F7FF453AE40F40000916821F0E071D0
:101E200001439160204821490068B0FBF1F0401C5B
:101E300000EB40008000009002E00098401E0090FF
:101E400000980028F9D139E6194D1A4BA9420CD156
:101E5000C5010AD421689942F5D040F0807091689C
:101E600021F0E0710143916028E6134DA942EAD1C7
:101E70004102E8D421689942E5D040F4800091689D
:101E800021F0E0710143916018E6000000007F40FE
:101E900000F0FF03FFFF0700000008800003005070
:101EA000000021C31000C09020000020400D03005E
:101EB000000052C700010050000084CB70477047FB
:101EC000704700002DE9F05F04464FF000082068DD
:101ED000056846689A48806800F01F07A8070ED575
:101EE000B0070CD5E06DC00603D4E06D40F400608F
:101EF000E0652046FFF7C2FD216802200860DFF898
:101F000044B268074FF0A04901D5700703D42807F1
:101F100037D5300735D5E06DC00603D4E06D40F409
:101F20000070E065206803F0E7FA20B320685845A8
:101F300001D1494600E00146814208D03FB1052F5A
:101F400005D0092F03D0584503D1494602E0C168A6
:101F500001E00146C96889040DD4016809070AD562
:101F600003F0C6FA58B3E06D40F01000E065206E53
:101F700040F0010020662046FFF7A0FF21680C20FA
:101F80000860A80601D5B00603D4680656D57006C9
:101F900054D5E06DC00603D4E06D40F40050E06518
:101FA0002068C16C11F4C07F1AD04FF0000A03F012
:101FB000A3FA02462068584515D1494614E0206826
:101FC000416821F00C014160E06D20F48070E06513
:101FD000E06DC004CFD4E06D40F00100E065CAE7D9
:101FE0004FF0010AE3E70146814265D0F7B3062FBF
:101FF00062D0072F60D0584500D08146D9F80C1028
:10200000BAF1000F14D08B0102D58AB18A040FD423
:10201000026852060CD589020AD403F061FA30B383
:10202000E06D40F01000E065206E40F00100206699
:102030002046FFF724FD21686020086028060BD5A4
:10204000300609D5E06D40F48030E065204600F0B0
:102050007BF9216880200860E8050FD5F0050DD5D3
:10206000E06D40F40030E065204601E024E025E02A
:10207000FFF707FD21684FF480700860A8050CD5B4
:10208000B0050AD5E06D40F48020E0652046FFF7FA
:10209000F9FC21684FF400700860E80639D5F006B5
:1020A00037D5E06BD8B1EFB12548806800F46040C7
:1020B000F0B14FF001081BE0C168A1E7206841685A
:1020C00021F060014160E06D20F48050E065E06D3A
:1020D000C005ADD4E06D40F00100E065A8E74FF029
:1020E000010805E02068C068C00701D04FF0010872
:1020F000B8F1010F0AD1E06D40F48060E065206E18
:1021000040F0020020662046FFF7DAFE216810202A
:102110000860680512D5700510D5E06D40F4804068
:10212000E065206E40F00800206621684FF4806072
:1021300008602046BDE8F05FFFF7A2BCBDE8F09F55
:102140000003005000010050F8B5044600250026A9
:102150000096002C02D0E06D10B107E00120F8BD20
:10216000204600F0F3F8266684F8586020688168FD
:10217000C1F3407119B181686C4A114081602068D7
:102180008168C1F30071A1B98168694A114041F0C9
:1021900080518160674868490068B0FBF1F0401CDD
:1021A0004000009002E00098401E00900098002837
:1021B000F9D120688168C1F3007141B9E16D41F046
:1021C0001001E165216E41F001012166012503F056
:1021D0008FF9E16DC90600D430B1E06D40F0100018
:1021E000E06501252846F8BDE06D20F4807040F0E0
:1021F0000200E065206803F077F988B94FF0A0404D
:102200008068C0F300004D498968C1F300010843AC
:1022100006D160684A498A6822F47C1202438A60C7
:10222000E168E06B627F0843A16841EA42310843FC
:1022300094F8241040EA0140012903D1218D491E60
:1022400040EA4140E16A29B101F47871226B01430F
:1022500042EA01002168CA683A4B1A400243CA6048
:1022600020680169626B21F04061114301612068BF
:1022700003F036F980BB207F94F83810800340EAE1
:1022800041012068C26844F202039A430A43C260D3
:10229000206968B12068016941F4803101612068DA
:1022A00050F8C01F22696FF30D01114301600AE06D
:1022B0002068016921F480310161206850F8C01F55
:1022C0006FF30D01016094F84000012813D02068DD
:1022D000016921F001010161606901281CD02068B9
:1022E000016B21F00F010163E06D20F0020040F06E
:1022F0000100E06576E7D4E911100143D4E9130247
:10230000104301432068026940F2FC739A43114371
:1023100041F001010161DFE72068016B226A21F0D1
:102320000F01521E11430163DEE70000C0FFFF5F93
:10233000C0FFFF7F20000020400D0300000100507F
:10234000000300500740F0FF70470000F0B597B061
:102350000546142112A8FEF7E4F8442101A8FEF76F
:10236000E0F825492868884244D1C00101908003E3
:10237000109001A800F014FD08B1FFF7A1F91F4962
:10238000C86C40F40050C864C86C00F40050009061
:10239000C86C40F00100C864C86C00F001000090F7
:1023A00020271297032013900026149612A94FF0AD
:1023B000904000F055FA134C1148206024206060D2
:1023C000A660E66080202061400060618000A0611E
:1023D000E7612662204600F06FF908B1FFF770F957
:1023E0006C65A56200220521122000F039FC122044
:1023F00000F028FC17B0F0BD0001005000100240B2
:1024000008000240881600202DE9F04104460E46DF
:1024100017463548806800F01F05206803F068F80B
:1024200010B10220BDE8F08194F8580001280CD0CA
:10243000012084F858004FF0000845B1052D06D062
:10244000092D04D084F85880ECE70220EAE7204602
:10245000FEF702FC10B184F85880E3E7E06D40F627
:102460000161884340F48070E0652049206888421B
:1024700002D14FF0A04200E00246824200D01DB9D6
:10248000E06D20F48010E065E06DC00404D5206E9E
:1024900020F00600206601E0C4F86080616D1448F9
:1024A000C862616D13480863616D13484863216811
:1024B0001C20086084F858802068416841F01001B1
:1024C00041602068C16841F00101C16021683B465C
:1024D00040313246606D00F051F921688A68074B3F
:1024E0001A40121D8A609DE7000300500001005051
:1024F000310B0008C90B0008AF0B0008C0FFFF7FBD
:1025000010B50021002808D090F825200123022AC8
:1025100005D00421C163012124E0012010BD02681F
:10252000146824F0010414600268146824F00E0496
:102530001460826C146824F48074146090F8442051
:10254000046C02F01F0203FA02F26260D0E9134247
:102550006260426D32B1146824F480741460D0E972
:10256000164262602430437000220270084610BD9B
:1025700070B5002490F8251000230122022906D00E
:1025800004212430816142700370012429E0016834
:102590000D6825F001050D6001680D6825F00E0538
:1025A0000D60816C0D6825F480750D6090F8441005
:1025B000154601F01F018A40016C4A60D0E91321E1
:1025C0005160416D31B10A6822F480720A60D0E92D
:1025D0001621516080F8255080F82430816B01B1BC
:1025E0008847204670BDC06B7047F0B4016C0A6824
:1025F00001680B6890F84440042604F01F0406FAB2
:1026000004F5154215D05D0713D50A68920603D468
:102610000A6822F004020A6090F8441001F01F01D9
:1026200006FA01F5016C4D60016B002941D0F0BC48
:1026300008474FF0020C0CFA04F616424FF0000760
:102640004FF0010519D09E0717D50A68920605D4E8
:102650000A6822F00A020A6080F8255090F84410B7
:1026600001F01F010CFA01F6016C4E6080F8247035
:10267000C16A00291DD0F0BC08470826A6401642B2
:1026800017D01A0715D50A6822F00E020A6090F8D2
:102690004410026C01F01F0105FA01F15160C5639D
:1026A00080F8255080F82470416B002901D0F0BCDF
:1026B0000847F0BC7047000070B50446002C0DD0F0
:1026C0002B4A2068142190420AD22A4A0244B2FBC3
:1026D000F1F189006164284921640BE0012070BD9B
:1026E000234A52420244B2FBF1F18900616420495D
:1026F00008392164022184F82510026847F6F07138
:102700008A43D4E902131943D4E904352B4319430E
:10271000A3691943E3691943236A1943114301600B
:102720002046FEF78BFEA0680025B0F5804F00D153
:1027300065602079A16C00F07F000860D4E9131077
:1027400048606068401E032808D82046FEF79AFEBD
:10275000606D0560D4E91610486002E06565A56506
:10276000E5652434A561012060702570002070BDEE
:1027700008040240F8FFFDBF0000024070B50446A7
:10278000002594F8240001280CD0012084F82400AE
:1027900094F825600020012E06D084F8240002253C
:1027A000284670BD022070BD022684F82560E063D3
:1027B0002068066826F0010606602046FEF776FED1
:1027C000206B28B12068016841F00E01016009E02A
:1027D0002068016821F0040101602068016841F06F
:1027E0000A010160A06C0168C90303D5016841F4C6
:1027F00080710160606D18B1016841F48071016001
:102800002068016841F001010160C9E710B5802826
:1028100012D10A4C207860B9094801F0FBFA00F0A7
:1028200009F9A0610220A07020716070E0700120A1
:10283000207004498020086010BD00005C1D00204D
:10284000C81800201404014010B504490A68024267
:1028500002D00860FFF7DAFF10BD00001404014049
:102860002DE9F84F0022DFF890914FF0010803277F
:102870004FF00F0C09F1040AA9F1040BB4E008FAB7
:1028800002F52B40002B6ED00C7904F00304012CD0
:1028900001D0022C15D18668540007FA04FE26EAFE
:1028A0000E06D1F80CE00EFA04FE4EEA060EC0F851
:1028B00008E04468AC430D79C5F300159540254305
:1028C00045600C79E443A40702D18C68012C08D040
:1028D000C568540007FA04F6B5438E68A6402E4337
:1028E000C6600C7904F00304022C11D1D40800EB6B
:1028F0008406356A5407E40E0CFA04FE25EA0E0538
:10290000D1F810E00EFA04FE4EEA050EC6F820E0FB
:102910000568540007FA04F6B5430E7906F003067D
:10292000A6402E4306604C6814F4403F5BD0334C05
:10293000256E45F001052566246E04F0010400941F
:102940002F4C22F003052E19B56894074FEA147E28
:102950000CFA0EF4A543B0F1904F05D0294CA042DB
:1029600004D1012417E03EE0002414E0264CA042EC
:1029700001D102240FE0254CA04201D103240AE03A
:10298000234CA04201D1042405E0224CA04201D1F5
:10299000052400E0062404FA0EF42C43B460D9F8B0
:1029A00000409C434D68ED0200D51C43C9F800402F
:1029B000DAF800409C434D68AD0200D51C43CAF8CC
:1029C0000040DBF800409C434D68AD0300D51C433C
:1029D000CBF80040084D083D2C689C434E68F60338
:1029E00000D51C432C60521C0B6833FA02F47FF4B0
:1029F00046AFBDE8F88F0000080401400010024017
:102A0000000001400004004800080048000C004895
:102A100000100048001400480069084201D001205D
:102A2000704700207047002A01D0816170478162A1
:102A300070470000014880687047000014000020C3
:102A400090F8841001291ED0012180F884102421DF
:102A5000C0F88810016851E8002F22F00C0241E80C
:102A60000023002BF6D1016851E8002F42F0040248
:102A700041E80023002BF6D1202184304160002161
:102A80000170002070470220704790F884100129DF
:102A90001ED0012180F884102421C0F8881001681C
:102AA00051E8002F22F00C0241E80023002BF6D160
:102AB000016851E8002F42F0080241E80023002B92
:102AC000F6D1202184304160002101700020704740
:102AD0000220704710B50446002C03D0D4F88800BB
:102AE00010B107E0012010BD002084F884002046CA
:102AF00002F068F82420C4F888002068016821F0FA
:102B000001010160A06A10B1204604F0BBF8204624
:102B100004F080FA012818D02068416821F490411F
:102B200041602068816821F022018160206881680D
:102B300041F0080181602068016841F001010160F5
:102B40002046BDE8104004F001B9012010BD00008E
:102B50000248816842681144816070471400002077
:102B600010B50024032000F09BF80F2000F008F8B7
:102B700008B1012401E000F047F8204610BD000034
:102B800030B587B005461B48016E41F4006101660F
:102B9000006E00F40060009001A902A800F030FB74
:102BA00000F064FB1449B0FBF1F1491E1448134ACC
:102BB000026040F2E732C260416000210161816041
:102BC00001F08FF8044694B90D4801F023F904464A
:102BD0006CB9192000F036F8102D07D200222946D2
:102BE000192000F03DF80748056000E0012407B017
:102BF000204630BD0010024040420F00002C014032
:102C0000101D00201400002008B50D48016E41F091
:102C100001010166016E01F001010091816D41F039
:102C200080518165806D00F08050009000220F215E
:102C3000901E00F015F8BDE8084000F0A9B80000AB
:102C400000100240002809DB00F01F020121914022
:102C50004009800000F1E020C0F80011704700003A
:102C6000F0B40D460D4B1B68C3F30223C3F10704F8
:102C7000042C00D90424191D072901D2002300E0E7
:102C8000DB1E012606FA04F1491E294099409E40A8
:102C9000761E16403143F0BC04F079BE0CED00E026
:102CA00000F00701054A10684FF6FF03184040EA9C
:102CB0000120034908431060704700000CED00E05C
:102CC0000000FA052F49304B0A6832214A432F4948
:102CD00000280AD0B0F5007F2DD0086820F4C0602D
:102CE00040F480600860002070470868C0F341200D
:102CF000022805D051F8800F20F480700860F2E7B8
:102D0000D1F8800020F48070C1F88000086820F4B9
:102D1000C06040F400700860B2FBF3F0401C00E0BB
:102D2000401E4A69520501D50028F9D1486940057D
:102D3000D9D5032070470868C0F34120022805D088
:102D400051F8800F40F480700860CCE7D1F8800023
:102D500040F48070C1F88000086820F4C06040F43E
:102D600000700860B2FBF3F0401C00E0401E4A69AE
:102D7000520501D50028F9D148694005B3D5032093
:102D8000704700002000002040420F00007000400B
:102D90000248816841F480418160704700700040C2
:102DA0002DE9F84F0446002600272068A04D0003B7
:102DB00066D54FF00008A86DC00009D4A86D40F09A
:102DC0008050A865A86D00F0805000904FF0010879
:102DD000DFF860A2DAF8000040F48070CAF8000062
:102DE000FFF728FE814607E0FFF724FEA0EB09006D
:102DF000022801D9032603E0DAF80000C005F3D564
:102E000026B13746B8F1010F36D039E0D5F8900039
:102E100000F4407080B1216C81420DD055F8900FC4
:102E200020F44070296841F480312960296821F438
:102E30008031296045F89009C00711D0FFF7FAFDED
:102E4000814641F2883A07E0FFF7F4FDA0EB090064
:102E5000504501D9032603E0D5F890008007F3D54B
:102E60000EB13746CEE7D5F89000216C20F44070C3
:102E70000843C5F89000C5E7A86D20F08050A8650C
:102E80002078C00707D0D5F88800616820F00300DB
:102E90000843C5F888002078800707D5D5F8880052
:102EA000A16820F00C000843C5F88800207840078E
:102EB00007D5D5F88800E16820F030000843C5F850
:102EC00088002078000707D5D5F88800216920F010
:102ED000C0000843C5F888002078800607D5D5F8DB
:102EE0008800616920F440600843C5F888002078B4
:102EF000400607D5D5F88800A16920F44050084362
:102F0000C5F888002078000607D5D5F88800E16963
:102F100020F440400843C5F888002088C00507D544
:102F2000D5F88800216A20F440300843C5F88800AD
:102F30002088800507D5D5F88800616A20F44020F4
:102F40000843C5F88800208840050FD5D5F88800CB
:102F5000A16A20F440100843C5F88800A06AB0F5C3
:102F6000801F03D1E86840F48010E86020880005E5
:102F70000FD5D5F88800E16A20F440000843C5F871
:102F80008800E06AB0F5800F03D1E86840F4801053
:102F9000E8602088C0040FD5D5F88800216B20F0A8
:102FA00040700843C5F88800206BB0F1807F03D1E2
:102FB000E86840F48010E86020884FF000618004E9
:102FC0000ED5D5F88800626B20F040601043C5F83C
:102FD0008800606B884203D1E86840F48010E860A4
:102FE000208840040ED5D5F88800A26B20F0406000
:102FF0001043C5F88800A06B884203D1E86840F40C
:103000008010E860208800040FD5D5F88800E16BB7
:1030100020F040500843C5F88800E06BB0F1805FB5
:1030200003D1E86840F48030E8603846BDE8F88FA6
:1030300000100240007000402DE9F04704460D46A4
:103040000027002C17D0DFF8A091D9F8000000F07D
:103050000F00A84211D2D9F8000020F00F00284339
:10306000C9F80000D9F8000000F00F00A84204D011
:103070000120BDE8F0870120FBE720785B4EC00708
:1030800041F2883A4ED06068DFF86481032806D0A8
:1030900002281ED03068400520D40120E9E73068BE
:1030A000800101D40120E4E702F074FE404520D9FC
:1030B000B06810F0F00F04D02078800719D5A06810
:1030C000B8B9B06820F0F00040F08000B060802710
:1030D0000FE03068800301D40120CAE700F0D8F87F
:1030E000404506D9B06820F0F00040F08000B060A4
:1030F0008027B068616820F003000843B060FFF7E4
:1031000099FC804607E0FFF795FCA0EB08005045CE
:1031100001D90320ADE7B068616800F00C00B0EBA6
:10312000810FF0D12068810715D5400703D5B0681D
:1031300040F4E060B0602078000705D5B06820F466
:10314000605040F4E060B060B068A16820F0F0002A
:103150000843B06005E0802F03D1B06820F0F00094
:10316000B060D9F8000000F00F00A84217D9D9F8D4
:10317000000020F00F002843C9F80000FFF75AFCB8
:10318000074606E0FFF756FCC01B504501D9032057
:103190006FE7D9F8000000F00F00A842F2D12078C4
:1031A000400705D5B068E16820F4E0600843B060EE
:1031B0002078000706D5B068216920F4605040EA05
:1031C000C100B06000F064F8B1680A4AC1F30311AD
:1031D000515C01F01F01C8400749086007480068BA
:1031E000BDE8F047FFF7CCBC0020024000100240D1
:1031F00000B4C4042C950008200000201400002016
:103200000F2202600B4A936803F003034360936844
:1032100003F0F0038360936803F4E063C360926893
:1032200002F46052D20802610348006800F00F0007
:10323000086070470010024000200240014800680A
:10324000704700002000002000B5FFF7F7FF054998
:103250008968054AC1F30221515C01F01F01C84091
:1032600000BD0000001002403C95000800B5FFF7CB
:10327000E5FF05498968054AC1F3C221515C01F0A7
:103280001F01C84000BD0000001002403C9500082E
:1032900010B51A4A9068C0F38101194801290BD072
:1032A0009168184CC1F38101022906D09168C1F3DD
:1032B0008101032903D0002010BD204610BDD16834
:1032C00001F00303D168C1F30311491C032B0DD096
:1032D000B0FBF1F0D168C1F306214843D168C1F3D6
:1032E0004161491C4900B0FBF1F010BDB4FBF1F0A5
:1032F000D168C1F306214843F0E700000010024006
:103300000024F400001BB7002DE9F8430446002C0C
:103310000CD02078FE4DC00752D0A86800F00C00F9
:10332000E96801F003010C2803D004E00120BDE8A6
:10333000F883032916D0082814D06068B0F5803FC0
:1033400017D0B0F5A02F19D0286820F4803028605D
:10335000286820F480202860606818B3FFF76AFBB3
:1033600006461BE0286880032AD5606840BB012020
:10337000DDE7286840F480302860EDE7286840F4F5
:1033800080202860286840F480302860E4E7FFF758
:1033900051FB801B642801D90320C8E728688003FB
:1033A000F5D50DE0FFF746FB064606E0FFF742FBCA
:1033B000801B642801D90320B9E728688003F5D46D
:1033C000207880074ED5A86800F00C00E96801F06D
:1033D00003010C2801D102290BD0042809D0E06890
:1033E00070B3286840F480702860FFF723FB06461E
:1033F0001BE02868400501D5E06868B16868217C59
:1034000020F0FE4040EA01606860C2480068FFF7B3
:10341000B7FB38B301208AE7012088E7FFF70AFBF2
:10342000801B022801D9032081E728684005F5D5D3
:103430006868217C20F0FE4040EA0160686011E08D
:10344000286820F480702860FFF7F4FA064606E04A
:10345000FFF7F0FA801B022801D9032067E72868EC
:103460004005F5D4207800072CD56069A8B1D5F8BF
:10347000940040F00100C5F89400FFF7DBFA06461F
:1034800006E0FFF7D7FA801B022801D903204EE798
:10349000D5F894008007F4D514E0D5F8940020F016
:1034A0000100C5F89400FFF7C5FA064606E0FFF7ED
:1034B000C1FA801B022801D9032038E7D5F894000F
:1034C0008007F4D4207840076FD54FF00008A86D2E
:1034D000C00009D4A86D40F08050A865A86D00F028
:1034E000805000904FF001088B4E3068C00511D419
:1034F000306840F480703060FFF79CFA074606E0C1
:10350000FFF798FAC01B022801D903200FE73068A3
:10351000C005F5D5A068012813D0052818D055F8A6
:10352000900F20F001002860286820F0040045F882
:103530009009A06841F2883608B3FFF77BFA074686
:1035400018E0D5F8900040F00100C5F89000F0E7D1
:1035500055F8900F40F004002860286840F0010002
:1035600045F89009E5E7FFF765FAC01BB04201D9BD
:103570000320DCE6D5F890008007F4D50EE0FFF7D5
:1035800059FA074606E0FFF755FAC01BB04201D9C9
:103590000320CCE6D5F890008007F4D4B8F1010FF1
:1035A00003D1A86D20F08050A865207880062CD526
:1035B000A069A8B1D5F8980040F00100C5F89800BE
:1035C000FFF738FA064606E0FFF734FA801B0228B8
:1035D00001D90320ABE6D5F898008007F4D514E0B4
:1035E000D5F8980020F00100C5F89800FFF722FAFE
:1035F000064606E0FFF71EFA801B022801D90320C9
:1036000095E6D5F898008007F4D4E069F0B3A9688E
:103610004FF0FF37C1F3810103295ED0022807D0A4
:10362000286820F080702860FFF704FA04464CE018
:10363000286820F080702860FFF7FCF9064606E055
:10364000FFF7F8F9801B022801D903206FE62868EC
:103650008001F5D454F8201F6068228A401E41EA98
:103660000010A16807EB5202090241EA42510843E7
:10367000217D07EB510140EA4160217B40EAC160B6
:10368000E968264A11400843E86000E062E02868E3
:1036900040F080702860E86840F08070E860FFF7D4
:1036A000C9F9044606E0FFF7C5F9001B022801D955
:1036B00003203CE628688001F5D54BE0FFF7BAF916
:1036C000001B022801D9032031E628688001F5D4C7
:1036D000E86813490840E8603CE0012838D0E86811
:1036E000226A00F00301914230D1616A00F0F002D9
:1036F000491EB2EB011F29D1A26A00F4FE41B1EBD1
:10370000022F23D100F0784194F82C200AE0000029
:103710000010024014000020007000400C809F0147
:10372000FCFFEEFEB1EBC26F10D1228E00F4C0019F
:1037300007EB5202B1EB425F08D194F8341000F06D
:10374000C06007EB5101B0EB416F03D00120EEE503
:103750000120ECE50020EAE57047000038B504469A
:10376000206842688168C9434B060AD5CB0708D157
:10377000D3435B0605D4E16C01B02046BDE8304080
:1037800008478B0708D4D3431B0605D4216D01B02D
:103790002046BDE8304008478B0603D54B0601D5CF
:1037A000CB0551D4D3439B064ED44B060AD494F890
:1037B0005D30032B49D0236E43F004032366C368B6
:1037C000836800938B0609D4236E43F001032366BC
:1037D00083680093036823F040030360C80506D4A0
:1037E000206E40F008002066206880680090206EFF
:1037F000002829D02068416821F0E00141600120C3
:1038000084F85D00900701D4D00722D02068416879
:1038100021F003014160114DA06D40B18563A06DA1
:10382000FEF7A6FE18B1206E40F040002066606DE5
:10383000002809D08563606DFEF79AFE002803D04A
:10384000206E40F04000206638BDC168806800905E
:1038500038BD2046FFF780FF38BD0000F15D00084D
:1038600070B50446002C09D0606A002540B125617E
:103870006561A56294F85D0040B10CE0012070BD67
:103880006068B0F5827FF4D0E561F2E784F85C50BF
:10389000204600F05BF8022084F85D002068016893
:1038A00021F040010160E1684FF4E062914201D9EA
:1038B000002001E04FF48050B1F5706F02D09142CA
:1038C00000D0A562A188228901F4827102F4044229
:1038D0001143227C02F002021143227D02F0010218
:1038E0001143228B02F400721143227F02F038024E
:1038F000114394F8202002F080021143228D02F43B
:103900000052114322681160A169042202EA1141A8
:1039100094F8242000F4805002F01002114394F82F
:10392000342002F008021143A28902F470621143AC
:103930000143206841602068C16921F40061C161D0
:103940002566012084F85D00002070BD10B586B0AA
:103950000446142101A8FCF7E4FD164920688842BA
:1039600026D11548816D41F480418165816D01F456
:1039700080410091C16C41F00201C164C06C00F053
:10398000020000904FF4604001900220029000205D
:10399000039004900520059001A90848FEF760FFF8
:1039A000002205212420FFF75BF92420FFF74AF9C4
:1039B00006B010BD0038004000100240000400486E
:1039C0002DE9FF5F04460E9E93461F460125FFF733
:1039D00031F8804694F85D00616801280AD0B1F59D
:1039E000827F03D1A16809B9042803D0022004B062
:1039F000BDE8F09F019890B3BBF1000F30D03800C4
:103A00002ED094F85C0001282CD04FF0010A84F8E5
:103A10005CA094F85D00042802D0052084F85D00C5
:103A20004FF00009C4F86090C4F840B0A4F84670A4
:103A3000A4F844700198A063E787A787C4F84C9066
:103A4000C4F85090E0684FF4E061884201D8012F3B
:103A50000AD92068426822F48052426009E0FFE7F8
:103A60000120C4E70220C2E72068426842F4805285
:103A7000426020680268520603D4026842F04002A5
:103A80000260E068884249D9606808B1012F3DD1E1
:103A9000A06B21680088C860A06B801CA063E08FC9
:103AA000401EE08732E02068816889070DD5E18FEC
:103AB00059B1012D09D1A16B0988C160A06B801C8F
:103AC000A063E08F401EE087002520688168C90759
:103AD0000ED0B4F8461059B1C068216C0880206C33
:103AE000801C2064B4F84600401EA4F8460001255E
:103AF000FEF7A0FFA0EB0800B04207D3701C05D072
:103B000084F85DA084F85C90032070E7E08F0028C3
:103B1000C9D1B4F846000028C5D176E0606808B184
:103B2000012F6BD1E08F01280AD9A06B2168008892
:103B3000C860A06B801CA063E08F801EE0875DE002
:103B4000A06B216800780873A06B401CA063E08F15
:103B5000401EE08752E02068816889071AD5E18F0E
:103B6000C1B1012D16D1E18F012909D9A16B0988B5
:103B7000C160A06B801CA063E08F801EE08708E01E
:103B8000A16B09780173A06B401CA063E08F401EFD
:103B9000E087002520688168C90726D0B4F8461060
:103BA00019B3B4F84610012913D9C06854F8401F5E
:103BB00008802068801C2060E088801EE080E0880B
:103BC000403C012810D82068416841F48051416090
:103BD0000AE0007B216C0870206C401C2064B4F863
:103BE0004600401EA4F846000125FEF723FFA0EB87
:103BF0000800B04201D3701C13D196B1E08F0028A9
:103C0000A9D1B4F846000028A5D142463146204645
:103C100002F0F7F858B12020206684F85C9001206B
:103C2000E5E684F85DA084F85C900320DFE684F884
:103C30005DA084F85C90206E08B10120D7E60020DA
:103C4000D5E670477047704770477047704700006F
:103C5000F0B590F83C20012A34D0012680F83C6071
:103C6000022280F83D2003685A689C68164FDFF8EE
:103C70005CC0BB4201D0634503D122F470054A68A1
:103C80002A43134D2A400D6815435D600268BA420D
:103C90000DD0B2F1804F0AD00E4B9A4207D00E4B96
:103CA0009A4204D0624502D00C4B9A4204D124F0CF
:103CB00080038968194391603C304670002101708F
:103CC0000020F0BD0220F0BD002C01400034014076
:103CD0008FFFFFFD0004004000080040004001404D
:103CE000704710B50446002C03D094F83D0010B185
:103CF00007E0012010BD002084F83C00204600F0C1
:103D000017F8022084F83D00211D206802F06EFCA7
:103D100001203D34E0726070A070E070207160712D
:103D2000A071E07120726072A0722070002010BD3E
:103D300008B500683149B0F1804F0BD0304A90424D
:103D400011D1886D40F002008865886D00F0020096
:103D5000009008BD886D40F001008865886D00F016
:103D60000100009008BD274A904208D1886D40F0BC
:103D700004008865886D00F00400009008BD224AA8
:103D8000904211D1886D40F010008865886D00F078
:103D900010000090002205213620FEF761FFBDE8EB
:103DA00008403620FEF74EBF184A904211D1886D68
:103DB00040F020008865886D00F02000009000220F
:103DC00005213720FEF74CFFBDE808403720FEF7FD
:103DD00039BF0F4A9042D1D1086E40F48030086656
:103DE000086E00F480300090002205211820FEF7B4
:103DF00037FFBDE808401820FEF724BF001002403E
:103E00000004004000080040001000400014004082
:103E10000040014090F83D10012901D00120704779
:103E2000022180F83D100168CA6842F00102CA60B0
:103E30000068124988420ED0B0F1804F0BD0104973
:103E4000884208D00F49884205D00F49884202D0E5
:103E50000E4988420CD181680D4A114006290BD0C9
:103E6000B1F5803F08D0016841F00101016003E035
:103E7000016841F00101016000207047002C014001
:103E800000040040000800400034014000400140B0
:103E9000070001000168CA6822F00102CA600168D7
:103EA0000A6A084B1A4207D10A6A9B111A4203D1C7
:103EB0000A6822F001020A60012180F83D1000200A
:103EC000704700001111110070B50446002594F8E8
:103ED0003C00012814D0012684F83C60022084F8BC
:103EE0003D0020688268394B1A4022F47F4282608C
:103EF000086870282DD010DC10F00F0F03D021E0DF
:103F00004FF0020070BD4FEA2012072A1AD2DFE8F4
:103F100002F0565656564C3842002D4BC21A984263
:103F20004DD009DCB0F5805F0DD0B0F5005F1CD03E
:103F3000B0F1101F06D142E0102A40D0202A3ED016
:103F4000502A3CD001253C34667000202070284661
:103F500070BDCB68D1E90121206802F0B0FB206878
:103F6000816841F077018160EDE7CB68D1E90121FB
:103F7000206802F0A4FB2068816841F480418160E0
:103F8000E1E7CA684968206802F054FD50212068C2
:103F900002F0A0FBD7E7CA684968206802F078FD04
:103FA0006021206802F096FBCDE7CA684968206866
:103FB00002F040FD4021206802F08CFBC3E722683C
:103FC0000146104602F086FBBDE7000088FFCEFFE9
:103FD0002000100070472DE9F04104462068C668B3
:103FE00005694FF00007A90714D5B10712D5F91ECE
:103FF00001610120207720688069800703D0204676
:10400000FFF7E8FF05E0204600F012F9204600F037
:10401000D3F92777680717D5700715D521686FF092
:1040200004000861022020772068806910F4407F36
:1040300003D02046FFF7CEFF05E0204600F0F8F859
:10404000204600F0B9F92777280716D5300714D590
:1040500021686FF008000861042020772068C0699B
:10406000800703D02046FFF7B5FF05E0204600F0AB
:10407000DFF8204600F0A0F92777E80617D5F0060C
:1040800015D521686FF0100008610820207720689E
:10409000C06910F4407F03D02046FFF79BFF05E086
:1040A000204600F0C5F8204600F086F92777E8079B
:1040B00008D0F00706D021686FF0010008612046A3
:1040C00000F004FA280601D4A80408D5300606D565
:1040D00021686FF4025008612046FFF7B3FDE80540
:1040E00008D5300606D521686FF480700861204637
:1040F000FFF7A7FD680608D5700606D521686FF0A2
:1041000040000861204600F0FBF9A80608D5B0067B
:1041100006D521686FF0200008612046FFF793FD67
:10412000E80208D5F00206D521686FF48010086116
:104130002046FFF78AFDA80208D5B00206D52168FF
:104140006FF4001008612046FFF77EFD680208D575
:10415000700206D521686FF4800008612046FFF7E1
:1041600075FD28020AD5300208D521686FF40000D9
:1041700008612046BDE8F041FFF7B2BDBDE8F0811F
:1041800030B587B00446142102A8FCF7CAF92168AB
:104190000023234A02242348B1F1804F15D0224D39
:1041A000A94226D1D16C41F00201D164D16C01F059
:1041B0000201019130210291039404930593069426
:1041C00002A9FEF74DFB07B030BDD16C41F00201F2
:1041D000D164D16C01F0020101914FF4816102912F
:1041E0000394049305930121069102A9FEF738FB7D
:1041F000E9E70E4DA942E6D1D16C41F00201D1644C
:10420000D16C01F0020101914FF4607102910394AD
:1042100004930593069402A9FEF722FBD3E700005E
:104220000010024000040048000400400008004064
:10423000704770B504460D46002694F83C000128EE
:104240000BD0012084F83C000C2A4FD007DC82B14F
:10425000042A22D0082A06D134E0022070BD102A98
:1042600059D0142A6BD00126002084F83C00304637
:1042700070BD2946206802F037FA2068816941F054
:10428000080181612068816921F004018161206851
:1042900081692A6911438161E6E72946206802F0B5
:1042A00075FA2068816941F4006181612068816943
:1042B00021F480618161206881692A6941EA0221D3
:1042C0008161D1E72946206802F0ACFA2068C16913
:1042D00041F00801C1612068C16921F00401C16198
:1042E0002068C1692A691143C161BDE72946206878
:1042F00002F0E4FA2068C16941F40061C1612068FC
:10430000C16921F48061C1612068C1692A6941EAFB
:104310000221C161A8E72946206802F01BFB206842
:10432000016D41F0080101652068016D21F0040173
:1043300001652068016D2A691143016594E72946EA
:10434000206802F03FFB2068016D41F400610165C7
:104350002068016D21F4806101652068016D2A6982
:1043600041EA022101657FE710B50446002C03D025
:1043700094F83D0010B107E0012010BD002084F842
:104380003C00204600F017F8022084F83D00211D73
:10439000206802F02BF901203D34E0726070A070BB
:1043A000E07020716071A071E07120726072A07283
:1043B0002070002010BD70477047000030B50446E3
:1043C00000290DD004290ED008290FD00C2910D0B7
:1043D000102911D094F84300012810D0012030BDDD
:1043E00094F83E00F8E794F83F00F5E794F84000B1
:1043F000F2E794F84100EFE794F84200ECE702207E
:10440000F1B3042940D0082941D00C2942D0102909
:1044100043D084F843000122206802F043F9234985
:104420002068234A234B884209D0904207D0984203
:1044300005D0214DA84202D0204DA84203D1456CA1
:1044400045F400454564206888420CD0B0F1804FA7
:1044500009D01B49884206D01A49884203D09042AD
:1044600001D098421CD18168174A114006291BD0FF
:10447000B1F5803F18D0016841F00101016013E0FF
:10448000FFE784F83E00C6E784F83F00C3E784F8FE
:104490004000C0E784F84100BDE784F84200BAE775
:1044A000016841F001010160002030BD002C014095
:1044B00000340140004001400044014000480140F8
:1044C000000400400008004007000100006808499F
:1044D000884201D1FEF73CBB0649884207D0064915
:1044E000884204D00549884201D1FCF78FBE70474D
:1044F000002C01400010004000140040004001402A
:10450000704790F88410012918D0012180F8841098
:104510002421C0F8881001680A680B6823F00103A1
:104520000B6022F0005100224266036819602021CE
:10453000C0F8881080F8842000207047022070475F
:1045400010B50446D4F88C00202801D0022010BDFC
:1045500051B14AB10120E06600202067204602F0F8
:10456000C3FE014611B105E0012010BDE06E012837
:1045700002D00121084610BD226810201062206878
:1045800050E8002F42F0100240E80023002BF6D143
:10459000F0E7000070B50068294A90420FD1294C1D
:1045A000042909D328480078AA2805D12046FCF719
:1045B000ADFFE068401CE0600020A07070BD234AA1
:1045C00090420ED11F4907220A392148FFF7B8FF50
:1045D0001F48D0F880000068016821F004010160E4
:1045E00070BD1C4A9042FBD1164B1B4A103B164C27
:1045F000157818780A3415B106290BD00EE0207012
:104600005878A077022909D3022807D10120107019
:10461000907103E00B48103802F018FF606A401CEC
:1046200060620849062210390C48FFF789FF0B48E1
:10463000D0F880000068016821F00401016070BDBD
:10464000003801403C110020B61D0020004400400D
:10465000A8190020004800407C1100203C1A0020CE
:10466000704770B5044694F8840001281DD00120DD
:1046700084F884002420C4F8880020680568026853
:1046800022F0010202602068826822F060620A4320
:104690008260204602F0D2FA206805602020C4F82B
:1046A0008800002084F8840070BD022070BD70B5C1
:1046B000044694F8840001281DD0012084F8840069
:1046C0002420C4F8880020680568026822F00102EE
:1046D00002602068826822F060420A4382602046BD
:1046E00002F0ACFA206805602020C4F888000020A1
:1046F00084F8840070BD022070BD704770470000D0
:1047000070B50446206850E8001F21F4907140E81D
:104710000012002AF6D1244A2068083050E8001F11
:10472000114040E80013002BF6D1E06E012808D1BB
:10473000206850E8001F21F0100140E80012002A14
:10474000F6D1206880684FF00005400618D5206833
:10475000083050E8001F21F0400140E80012002A14
:10476000F5D1D4F8800058B18563D4F88000FDF706
:10477000C7FE28B1D4F88000FDF735FF20280DD002
:1047800021680F2008622068816941F00801816179
:104790002020C4F88C00E566002070BD1020C4F80D
:1047A0009000032070BD0000FEFFFFEF10B5006811
:1047B0001849884204D1BDE810401748FFF7A0BF50
:1047C0001649884210D11648FFF79AFF072215496B
:1047D0001348FFF7B5FE1248D0F880000068016862
:1047E00021F00401016010BD0F498842FBD10F4840
:1047F000FFF786FF0B490622891F0C48FFF7A0FE32
:104800000A48D0F880000068016821F004010160C6
:1048100010BD000000380140141900200044004081
:10482000A819002032110020004800403C1A002046
:104830002DE9F04104462368D86919689A6840F662
:104840000F0500EA0507002F0ED185060CD501F0F3
:10485000200502F08056354306D0616F00297DD0D7
:104860002046BDE8F041084700260225002F76D0FB
:10487000B54FDFF8D8C2174001EA0C0C57EA0C0C10
:104880006DD05FEAC07C0CD05FEAC15C09D54FF007
:10489000010CC3F820C0D4F8903043F00103C4F8F1
:1048A0009030830709D5D30707D023681D62D4F859
:1048B000903043F00403C4F8903043070AD5D3077F
:1048C00008D0256804232B62D4F8903043F002030B
:1048D000C4F8903003070CD501F020033B4308D007
:1048E000256808232B62D4F8903043F00803C4F8FD
:1048F000903003050BD54B0109D525684FF40063B3
:104900002B62D4F8903043F02003C4F89030D4F8F0
:104910009030002B3CD0800609D501F0200002F039
:104920008051084303D0616F09B120468847D4F80D
:10493000900021688968490602D410F0280F2DD014
:10494000204602F013FB20688068400622D52068CC
:10495000083050E8001F21F0400101E018E023E09A
:1049600040E80012002AF2D1D4F8800068B17849FA
:104970008163D4F88000FDF7FBFD002808D0D4F84F
:104980008000816BBDE8F04108472046FFF70EFF2D
:10499000BDE8F0812046FFF709FFF9E72046FFF761
:1049A00005FFC4F89060F3E7E76E012F7DD1C706DD
:1049B0007BD5CF0679D510201862206880684FF02B
:1049C0002003400655D5D4F880100A68506880B29C
:1049D000F0B3B4F85C7087423FD9A4F85E00086871
:1049E000006880062CD4206850E8001F21F48071F4
:1049F00040E80012002AF6D12068083050E8001F75
:104A000021F0010140E80012002AF5D120680830A9
:104A100050E8001F21F0400140E80012002AF5D1C3
:104A2000C4F88C30E666206850E8001F21F01001C1
:104A300040E80012002AF6D1D4F88000FDF760FDAE
:104A40002567B4F85C00B4F85E10401A81B200E04B
:104A500003E02046FFF79EFD9AE7B4F85C10814220
:104A600096D11068800693D525672046FFF792FD02
:104A70008EE734F85C0F6188401A81B260885C3C34
:104A8000002885D0002983D0206850E8002F22F428
:104A9000907240E80027002FF6D12B4FFF4320688B
:104AA000083050E8002F3A4000E016E040E8002CC3
:104AB000BCF1000FF3D1C4F88C30E666666720685D
:104AC00050E8002F22F0100240E80023002BF6D11E
:104AD00025672046FFF75EFD5AE7C50209D5550256
:104AE00007D54FF4801018622046BDE8F041FFF76B
:104AF00005BE03060CD501F0800302F40002134347
:104B000006D0A16F0029A7D02046BDE8F041084794
:104B1000420606D54A0604D52046BDE8F04102F01B
:104B20004FBA020206D54A0004D52046BDE8F0413E
:104B3000FFF7E3BDC0018FD500298DDA2046BDE81F
:104B4000F041FFF78DBD00000100001020010004BE
:104B5000F76D000810B50446002C03D0D4F8880087
:104B600010B107E0012010BD002084F88400204629
:104B700000F028F82420C4F888002068016821F09B
:104B800001010160A06A10B1204602F07BF82046C6
:104B900002F040FA012813D02068416821F49041C6
:104BA00041602068816821F02A01816020680168E5
:104BB00041F0010101602046BDE8104002F0C6B896
:104BC000012010BD2DE9F04798B00446142113A828
:104BD000FBF7A7FC442102A8FBF7A3FC934920683C
:104BE000934D002680274FF007094FF010088842A8
:104BF0005BD101200290039602A8FEF7D1F808B11C
:104C0000FCF75EFD286E40F480402866286E00F4B4
:104C100080400190E86C40F00200E864E86C00F02D
:104C200002000190402013901220149015961696C1
:104C3000CDF85C9013A97F48FDF712FE7F4D7E48AA
:104C4000286018206860AE60EE602F616E61AE6112
:104C5000EE612E622846FDF72FFD08B1FCF730FD0E
:104C6000C4F88050AC627448744D143060352860CC
:104C700019206860C5F80880EE602F616E61AE6132
:104C8000EE612E622846FDF717FD08B1FCF718FD0E
:104C9000E567AC62002205212520FDF7E1FF252014
:104CA000FDF7D0FF18B0BDE8F08765494FF0020A64
:104CB00088425BD1CDF808A0049602A8FEF770F8F0
:104CC00008B1FCF7FDFCA86D40F40030A865A86DA4
:104CD00000F400300190E86C40F00100E864E86CFA
:104CE00000F0010001900C201390CDF850A0159613
:104CF0001696CDF85C9013A94FF09040FDF7B0FDEB
:104D00004D484E4D2830C03528601A206860AE608E
:104D1000EE602F616E61AE61EE612E622846FDF796
:104D2000CBFC08B1FCF7CCFCC4F88050AC62424824
:104D3000444D3C3028601B206860C5F80880EE6058
:104D40002F616E61AE61EE612E622846FDF7B4FC04
:104D500008B1FCF7B5FCE567AC620022052126200E
:104D6000FDF77EFF2620FDF76DFF9BE73649884261
:104D700098D104200290059602A8FEF711F808B118
:104D8000FCF79EFCA86D40F48020A865A86D00F497
:104D900080200190E86C40F00400E864E86C00F0CA
:104DA000040001904FF440601390CDF850A0159688
:104DB0001696CDF85C9013A92448FDF751FD1E48C6
:104DC000204D5030603528601D206860C5F808808F
:104DD000EE602F616E61AE61EE612E622846FDF7D6
:104DE0006BFC08B1FCF76CFCE567AC62154D18482C
:104DF000C03528601C206860AE60EE602F616E6177
:104E0000AE61EE612E622846FDF756FC08B1FCF754
:104E100057FCC4F88050AC62002205212720FDF722
:104E20001FFF2720FDF70EFF3CE700000038014080
:104E300000100240000400481C000240D01A00206C
:104E400000440040F01B00200048004000080048DB
:104E5000080402407047704770B50446D4F88800D3
:104E6000202801D0022070BD31B32AB344F8501F6E
:104E7000A280E280002121642120A063E06A503CEE
:104E8000E0B1164BC362E36F15481863E36F154832
:104E90005863E06F8163206813462830E56F02464F
:104EA0002846216DFDF76AFC40B110208834A060CF
:104EB00020202060012070BD012070BD21684020AD
:104EC00008622068083050E8001F41F0800140E887
:104ED0000012002AF5D1002070BD0000216F0008EB
:104EE000636F0008016E000810B500680949884228
:104EF0000FD10948FDF7A4FD0A2208490648FFF72B
:104F00001FFB0548D0F880000068016821F004010B
:104F1000016010BD0038014014190020B61D0020AA
:104F20007047FEE708B500F021FA04F0E9F90090B7
:104F300000F089FA0121684604F02AF8F8E7000039
:104F400070B52DED108B88B0F94CD4ED189A94ED16
:104F500019AAD4ED1A8A94ED1B8AD4ED06DA94EDE1
:104F600007CAD4ED08CAD4ED12FAD4ED130ACDED78
:104F7000050A94ED140AB1EE400A8DED040A9FED86
:104F8000EDFA9FEDED0AED4D6FEE800AC5ED1E0ABC
:104F9000DDED050A20EE800A85ED1F0A9DED040A6D
:104FA000DFEDE70A20EE200A85ED200A68EEA80A68
:104FB000B7EE009AB0EE000AB0EE491A48EE080AC1
:104FC00000EEC01A84ED261A6AEE280AB0EE601AC6
:104FD00009EE881A21EE001A84ED271A2AEE081A23
:104FE000F0EE411A49EEE81A21EE80EA84ED28EA53
:104FF00049EEC80A60EE800AC4ED290A6AEE0A1A70
:10500000B0EE492AF0EE610A48EE080A00EEC02A26
:1050100084ED2A2A68EE880AB0EE602A09EE8A2A10
:1050200062EE00EAC4ED2BEA09EEA81A21EE001A9E
:1050300084ED2C1A49EECA0A60EE800AC4ED2D0AEE
:1050400048EEA81AB0EE49DA01EEC0DA84ED2EDAA5
:1050500000200190029003902DEEAD0A0CEE0C0A98
:105060000CEEAC0A02F090FE10EE100AB54EDFED29
:10507000B60AB04206DAF0EE60AAB0EE60BAF0EE20
:1050800060BA05E0CDEE80AA8CEE00BACCEE80BA14
:10509000B7EE001A30EE410AB0EEC00A10EE100A68
:1050A000AA49884202DCB7EE009A0FE010EE100A1F
:1050B000B0F17C5F02DBB0EE609A07E0B6EE001A5A
:1050C00031EE400A9FEDA21A80EE019AA1480078C5
:1050D000022803D0032801D0042801D1B0EE609A41
:1050E0009D4880ED019A2BEEAE0A0BEE4D0A20EEA4
:1050F000090A9FED9A1ADFED940A994803F094F992
:105100008DED010A8DED070A2AEE8D0A0BEECE0A0F
:1051100020EE090A9FED911ADFED8B0A90488C3042
:1051200003F082F98DED020A8DED060A2BEE0E0AD0
:105130000AEEEE0A20EE090A9FED881ADFED820AD8
:10514000884803F071F9F0EE401ACDED031A9DED99
:10515000070A70EE2F0A9DED060A9DED051A30EE46
:10516000011A9DED040A31EE800AD4ED281A4FEEA3
:1051700061DAD4ED2B1A0FEE61CAD4ED2E1A4FEE80
:1051800061CA002004EB8001D1ED261A91ED292A95
:1051900061EEAD1A42EE0C1A91ED2C2A42EE2C1A59
:1051A000C1ED3B1A401C0328ECDB2AEE202A08EE56
:1051B000812A08EE002ADFED6C1A42EE619A29EE90
:1051C000A02A08EE802A08EE412A02EE21AA29EE42
:1051D000812A0AEE402A08EE202A42EE218A29EE90
:1051E000800A0AEE010A08EEE00A00EE218A29EEA2
:1051F000A90A0AEE0A0A08EEA80A08EE080A02F04E
:10520000C3FD10EE100AB04208DAB7EE00CADFEDB7
:105210004E8AF0EE689AB0EE689A07E089EE80CA8E
:10522000CAEE009A88EE809AC8EE008AB0EE008A34
:1052300029EE280A0CEE290A20EE080A02F0B8FB33
:1052400084ED200A29EEA9AAF7EE00CAF0EE6C0A56
:10525000B0EE4A0A09EE090A40EE480A2CEE090AA5
:1052600009EEE80A20EE080A02F038FC84ED210A73
:1052700029EE890A08EEA8AAF0EE6C0A0CEE680A7C
:105280004AEE480A20EE080A02F028FC94ED201AA3
:10529000DFED290A21EE201A84ED201A94ED211A5F
:1052A00021EE201A84ED211A20EE200A84ED220A34
:1052B00084ED18CAC4ED199A84ED1A9AC4ED1B8ABC
:1052C000C4ED2FAA84ED30BAC4ED31BA84ED35EACD
:1052D000C4ED36EA84ED37DA002004EB800191ED6D
:1052E000180A81ED1C0A401C0428F6DB002104EB9F
:1052F000810005EB810290ED200A82ED0C0A80ED21
:10530000230A90ED350A80ED380A90ED410A80EDD0
:10531000440A90ED470A80ED4A0A90ED3B0A80ED81
:105320003E0A491C0329E2DB08B0BDEC108B70BDBE
:10533000F01D00200AE81C41E12E654234200020C7
:10534000E12E65C26F12833A00000000CDCCCC3D47
:10535000CDCCCC3E5B1100204C1100206F12833A63
:10536000642600207C2700206F12033A2DE9F041CB
:1053700086B04FF4FA6800200390049005900090E6
:1053800001900290274D85F86401002403AE6F461A
:1053900000F04CF8002006EB800105EB800291ED57
:1053A000000AD2ED000A30EE200A81ED000A07EB78
:1053B0008001D2ED060A91ED000A30EE200A81ED5F
:1053C000000A401C0328E6DB012003F004F8641CFB
:1053D000A4B24445DCD300209FED130A06EB800104
:1053E000D1ED000A05EB800180EE801A81ED531AA1
:1053F00007EB8002D2ED000A80EE801A81ED561A8A
:10540000401C0328EADB95ED580AF7EE000A30EE5F
:10541000600A85ED580A012085F8640106B0BDE8F0
:10542000F0810000F01D00200000FA4410B50221B8
:105430000020FBF74DFD0221BDE810400120FBF7E5
:1054400047BDFBF723BD10B5FFF7F0FFBDE81040E7
:10545000FFF776BD044C01F091FB206802F0DFFFFE
:10546000012002F0B8FFF6E704000020D0ED001A9A
:1054700090ED012A72EE200A30EE812A80EE821A27
:1054800030EE612AB0EE610A01EE020AF7EE001A70
:1054900031EEC11A61EE200AC0ED010A80ED000A6A
:1054A0007047000010B50849084802F0EFFE0649B1
:1054B0000648B4316C3002F0E9FE0448BDE8104003
:1054C0000349D83002F0E2BE2412002084210020DB
:1054D0008C13002000EB8100006E00F0F840704754
:1054E0008068C0F3C00070478068C0F30000704758
:1054F0008068C0F380007047C06810F4406F01D02E
:10550000002070470120704710B501F0007300EBD8
:10551000D3504369C1F3045107248C40A3438A400C
:105520001343436110BD00EB8100016E21F0004187
:10553000114301667047000010B50E4CA089012888
:1055400004D0022805D003280AD106E0FCF70EF8A3
:1055500006E00020FCF756F802E00120FCF752F8C4
:1055600000206071A081E08160810721A171207419
:1055700010BD00005C1D002030B589B0202101A8BD
:10558000FAF7CFFF1948184901604FF440314160E4
:1055900000248460C460046144610425856104774B
:1055A00001214177016280F82440C462046380F8DD
:1055B0003810C46380F84040FCF7C6FD08B1FCF722
:1055C0007FF80B4801900620029003907F20049002
:1055D0000595069401A90548FCF756FA002801D064
:1055E000FCF76EF809B030BD000100501C16002019
:1055F0000020903608B52948816C41F0040181648F
:10560000816C01F004010091816C41F00101816421
:10561000816C01F001010091816C41F00201816413
:10562000806C00F002000090002205210B20FDF7A5
:1056300017FB0B20FDF706FB002205210C20FDF7D0
:105640000FFB0C20FDF7FEFA002205210D20FDF7CF
:1056500007FB0D20FDF7F6FA002205210E20FDF7CD
:10566000FFFA0E20FDF7EEFA002205210F20FDF7CC
:10567000F7FA0F20FDF7E6FA002205211020FDF7CA
:10568000EFFA1020FDF7DEFA002205213820FDF7A1
:10569000E7FABDE808403820FDF7D4BA0010024010
:1056A00010B594B0142216490FA8FAF700FF002194
:1056B0000FA802F09DFE134C2060142210491431F3
:1056C0000AA8FAF7F4FE00210AA802F091FE606031
:1056D00014220B49283105A8FAF7E9FE002105A894
:1056E00002F086FEA060142205493C316846FAF7B4
:1056F000DEFE0021684602F07BFEE06014B010BDC3
:10570000B4940008040000202DE9F04186B0142173
:1057100001A8FAF706FF2E48C16C41F02001C164D0
:10572000C16C01F020010091C16C41F00101C16424
:10573000C16C01F001010091C16C41F00201C16432
:10574000C16C01F002010091C16C41F00401C1641F
:10575000C06C00F0040000904FF4A0744FF090462D
:10576000002221463046FDF75EF91A4F4FF4C0552E
:10577000002229463846FDF756F901944FF00108FA
:10578000CDF8088000240394049401A93046FDF765
:1057900067F8802001904FF488100290039401A9CB
:1057A0003046FDF75DF80195CDF808800394049428
:1057B00001A93846FDF754F8002205211720FDF70E
:1057C0004FFA1720FDF73EFA06B0BDE8F081000061
:1057D000001002400004004810B512481049016052
:1057E0004FF482714160002181604FF4E062C26039
:1057F000016141614FF4007282613822C26101622D
:10580000416281620722C26201634163FEF728F8A8
:10581000002803D0BDE81040FBF752BF10BD0000C8
:1058200000380040E816002010B588B00024049429
:105830000594069407940194029403941448134920
:105840000160A7214160846040F2E731C1600461DA
:1058500044618461FEF745FA08B1FBF731FF4FF46C
:105860008050049004A90A48FEF72EFB08B1FBF70C
:1058700027FF0194039401A90548FEF7E9F90028E0
:1058800001D0FBF71DFF08B010BD00000040014033
:10589000C818002010B58EB000240A940B940C9404
:1058A0000D940794089409941C216846FAF739FE70
:1058B00021484FF080410160A9214160846040F29D
:1058C000E731C16004618461FEF70BFA08B1FBF7B0
:1058D000F7FE4FF480500A900AA91748FEF7F4FA31
:1058E00008B1FBF7EDFE1448FEF73EFD08B1FBF7EB
:1058F000E7FE0794099407A90F48FEF7A9F908B134
:10590000FBF7DEFE602000900194029404940422D0
:1059100069460948FEF78DFC08B1FBF7D1FE082265
:1059200069460548FEF785FC08B1FBF7C9FE024849
:10593000FEF726FC0EB010BD4C17002010B58EB03F
:1059400000240A940B940C940D94079408940994E1
:105950001C216846FAF7E5FD224821490160A9218A
:105960004160846044F61F61C16004618461FEF798
:10597000B8F908B1FBF7A4FE4FF480500A900AA9C9
:105980001848FEF7A1FA08B1FBF79AFE1548FEF792
:10599000EBFC08B1FBF794FE0794099407A91148A2
:1059A000FEF756F908B1FBF78BFE602000900194DA
:1059B00002940494002269460A48FEF73AFC08B1B2
:1059C000FBF77EFE042269460648FEF732FC08B16A
:1059D000FBF776FE0348FEF7D3FB0EB010BD0000C8
:1059E000000400409817002010B58EB000240A94DF
:1059F0000B940C940D940794089409941C21684608
:105A0000FAF78FFD264825490160A921416084608D
:105A100044F61F61C16004618461FEF762F908B158
:105A2000FBF74EFE4FF480500A900AA91C48FEF77F
:105A30004BFA08B1FBF744FE1948FEF795FC08B194
:105A4000FBF73EFE0794099407A91548FEF700F9F5
:105A500008B1FBF735FE6020009001940294049495
:105A6000042269460E48FEF7E4FB08B1FBF728FE66
:105A7000082269460A48FEF7DCFB08B1FBF720FE66
:105A80000C2269460648FEF7D4FB08B1FBF718FE66
:105A90000348FEF775FB0EB010BD00000008004083
:105AA000E41700203EB500240094019402940D48B0
:105AB0000B4901604460846042F20F71C1608461EF
:105AC000FEF70FF908B1FBF7FBFD0094029469465D
:105AD0000448FEF7BDF8002801D0FBF7F1FD3EBDFC
:105AE00000100040301800203EB5002400940194BE
:105AF00002940E480C490160A7214160846042F283
:105B00000F71C1608461FEF7ECF808B1FBF7D8FDB6
:105B10000094029469460548FEF79AF8002801D0DF
:105B2000FBF7CEFD3EBD0000001400407C180020B5
:105B300010B51848164901604FF4612141600021F9
:105B40008160C16001610C2242618161C1610162B9
:105B500041628162FCF7BEFF08B1FBF7B1FD002195
:105B60000C48FEF7A4FD08B1FBF7AAFD0021094887
:105B7000FEF777FD08B1FBF7A3FD0648FEF7C1FC71
:105B8000002803D0BDE81040FBF79ABD10BD00000F
:105B9000003801401419002010B51748154901605C
:105BA0001649416000218160C16001610C2242619F
:105BB0008161C161016241628162FEF7CBFF08B180
:105BC000FBF77EFD00210C48FEF771FD08B1FBF7E5
:105BD00077FD00210848FEF744FD08B1FBF770FD92
:105BE0000548FEF78EFC002803D0BDE81040FBF707
:105BF00067BD10BD00440040A819002000941100AA
:105C000010B51848164901604FF4E1314160002198
:105C10008160C16001610C2242618161C1610162E8
:105C200041628162FEF796FF08B1FBF749FD002152
:105C30000C48FEF73CFD08B1FBF742FD0021094886
:105C4000FEF70FFD08B1FBF73BFD0648FEF759FCD8
:105C5000002803D0BDE81040FBF732BD10BD0000A6
:105C6000004800403C1A0020FEE7FEE710B504465D
:105C70002DED028BB0EE628AF0EE438A0848C4F83C
:105C80008800204602F0B0FDF0EE680AB0EE480A47
:105C9000BDEC028B04F11800BDE81040FBF7C6BD57
:105CA000E98700089FED070A80ED000A9FED060ACC
:105CB00080ED010A80ED020AB0EE080A80ED0D0ABF
:105CC00070470000DE357A3B0000000010B519482F
:105CD000FEF74AFB1848FEF747FB1848FEF744FB5F
:105CE00004211448FEF76AFB08211248FEF766FB00
:105CF00000211148FEF762FB04210F48FEF75EFB0E
:105D000008210D48FEF75AFB0C210B48FEF756FB05
:105D100000210A48FEF752FB04210848FEF74EFB1B
:105D200008210648FEF74AFBBDE810400C21034855
:105D3000FEF744BB4C17002098170020E417002002
:105D4000114A00231149907905280DD006280AD15F
:105D500090890A2807D80E4A401E02EBC00005C8E9
:105D6000C1E901020B70704750890028FBD00A2856
:105D7000F9D8074A401E503202EBC00005C8C1E9FD
:105D800001020B70704700005C1D0020CC00002059
:105D9000240000201049C86800F00302C868C0F35E
:105DA0000310401C032A0ED00C4AB2FBF0F0CA6864
:105DB000C2F306225043C968C1F34161491C49003E
:105DC000B0FBF1F07047064AB2FBF0F0CA68C2F3CC
:105DD00006225043EFE70000001002400024F400C8
:105DE000001BB7000148FDF7B9BC0000E816002011
:105DF00010B5806A0021A0F84610C187FDF7ACFC01
:105E000010BDF8B504460E461546334600224FF441
:105E1000C0512046009500F027F828B1206E40F0D0
:105E2000200020660320F8BD334600228021204652
:105E3000009500F089F828B1206E40F0200020661F
:105E40000320F8BD334600224FF4C0612046009580
:105E500000F00AF828B1206E40F0200020660320F0
:105E6000F8BD0020F8BD00002DE9FC5F04460C9D44
:105E70000E46174698464FF0000BCDF800B0FCF7E1
:105E8000D9FD401BA8EB0005FCF7D4FD8146D4F8F2
:105E900000A00AF10C0A2B480068C0EBC00000EB20
:105EA0008000000D6843019017E0B6F5C06F05D182
:105EB00027B99AF8000000909DF80000B8F1FF3F64
:105EC0000BD0FCF7B7FDA0EB0900A8420DD265B1DD
:105ED0000198A0B30198401E01902068806830406E
:105EE000B842E2D10020BDE8FC9F2068416821F063
:105EF000E00141606068B0F5827F0BD1A068B0F529
:105F0000004F02D0B0F5806F04D12068016821F005
:105F100040010160A06AB0F5005F09D12068016806
:105F200021F4005101602068016841F400510160D2
:105F3000012084F85D0084F85CB00320D3E7FFE71C
:105F40000025CAE7200000202DE9F84304460F464B
:105F500091461E46089DFCF76DFD401B351AFCF767
:105F600069FD804627480068C0F3CB306843009045
:105F70000DE0701C0BD0FCF75DFDA0EB0800A84203
:105F800010D27DB10098B8B30098401E00902068F0
:105F9000806837EA000032D000204845E9D100206F
:105FA000BDE8F8832068416821F0E0014160606845
:105FB000B0F5827F0BD1A068B0F5004F02D0B0F5EC
:105FC000806F04D12068016821F040010160A06A5F
:105FD000B0F5005F09D12068016821F4005101602B
:105FE0002068016841F40051016001205C34607058
:105FF000002020700320D3E7FFE70025C7E701203A
:10600000CBE700002000002070B5044C0025A571EE
:106010000348FDF73FFF257070BD00005C1D0020A8
:10602000C8180020064C207808B900F01DF8054873
:10603000FBF71AF901F0B4FB642002F0CCF9F2E7A7
:106040005B110020CC00002006498879002808D088
:10605000012806D14878002803D0012801D1022068
:10606000887170477C11002010B510480178002914
:1060700002D0407838B115E001F06CFA0C48416A62
:10608000491C416210BD0B490878401CC0B2087021
:10609000032807D300200870FBF768FA0648C16898
:1060A000491CC160BDE81040FFF7CEBF7C11002045
:1060B000C01D0020B01500203C1100202DE9F0414A
:1060C0002DED040B2DED028B8EB09FED778A10A87D
:1060D000B0EE480A01F08CFEB0EE480A11A801F0BB
:1060E00087FE9FED720A12A801F082FE9DED100A54
:1060F0008DED0B0A9DED110A8DED0C0A9DED120A36
:106100008DED0D0A002101240020694D01262A5C35
:10611000022A03D806FA02F30B4201D0002404E05D
:106120000B43D9B2401C0328F1DB00204CB1297885
:106130008DF8281069788DF82910A9788DF82A1023
:1061400006E08DF8280002218DF829108DF82A60CC
:106150000690079008900990B7EE003A0022554E3D
:10616000554C0DF1280C0BAF06AD9FED548A1CF871
:106170000210F0EE430A002007EB810393ED002AA2
:1061800000EB400304EB830303EB810393ED000A70
:1061900020EE021AB5EEC01AF1EE10FA02D2F1EEBC
:1061A000411A01E0F0EE411A11EE903AB3421ADBC7
:1061B000B5EEC01AF1EE10FA02D2BFEE001A01E0FD
:1061C000B7EE001A05EB8003B0EE480AD3ED002AC3
:1061D00001EE620A80EE211AB4EEE01AF1EE10FA36
:1061E00001D2F0EE410A401C0428C9DBF5EEC00ADA
:1061F000F1EE10FA01D2DFED320A10EE900AB0F1A2
:106200007E5F01DDF0EE430A002000EB400304EB6B
:10621000830303EB810393ED000A05EB800320EE7B
:10622000201A93ED000A01EE020A83ED000A401CD9
:106230000428EADB521C032A99DB1D480A38C0ED0A
:10624000040ABFEE000A8DED020A8DED033A8DEDD2
:10625000043A8DED050A00241A4F02AEA7F1940806
:1062600006EB8400D0ED000A05EB840090ED001AE7
:1062700060EE810ACDED010AB0EE480A01A801F0F6
:10628000B7FDDDED010A07EB8400C0ED000A08EB65
:106290008400C0ED000A641C042CE1DB0EB0BDECF0
:1062A000028BBDE8FF810000000020420000A042F8
:1062B0005E110020BD378635509500080000704201
:1062C00000000000342000202DE9F0472DED088B60
:1062D0008EB0B0EE40BAF0EE609AB0EE41AA0AA9D4
:1062E000684801F09AFD00250695079508950995DF
:1062F000F7EE00BAB0EE6B8AF0EE488A06A90AA85B
:10630000DFED61AAB0EE4B0AF0EE6A0AB0EE601A59
:1063100001F0CEFE5B4E0127303E00280DDA77718A
:10632000B0EE4A1AF0EE690AB0EE4B0AFFF7C6FE6D
:106330000EB0BDEC088BBDE8F0879FED549A0128A4
:1063400010D0B0EE6A8A002468EE898AF0EE480A1E
:1063500006A90AA82BEE280AB0EE601A01F0A8FEE2
:1063600010BB1EE000242AEE081A69EE880A06A96E
:106370000AA8B0EE4B0A01F09BFE20B928EE098A6C
:10638000641C0A2CEFDB78B9B0EE6A8A06A90AA869
:10639000B0EE481AF0EE480AB0EE4B0A01F088FE63
:1063A00002E0641C0C2CCFDB002809DA7771B0EE18
:1063B0004A1AF0EE690AB0EE4B0AFFF77FFEB7E724
:1063C000757186ED078AC6ED088A18EE900A304985
:1063D000884201DA022006E018EE100A884201DA4B
:1063E000012000E000203071BFEE000A8DED020AAE
:1063F000CDED03BACDED04BA8DED050A9FED258AEA
:10640000DFED258A0024254F9FED259A06AD0DF17D
:10641000080807F1A40907F1100A05EB8400D0ED84
:10642000000A07EB8400C0ED000AF4EEC80AF1EEA2
:1064300010FA01D2B0EE608AF4EEE80AF1EE10FA3A
:1064400001DDF0EE608A08EB840090ED000A20EE9A
:10645000200A8DED010AB0EE490A01A801F0C8FC3E
:10646000DDED010A09EB8400C0ED000A0AEB8400AF
:10647000C0ED000A641C042CCFDB38EEC80A86EDA0
:10648000060A55E784110020000000003333333F33
:1064900077BE7F3FCAF24971CAF249F1901F0020CE
:1064A000000070420B480078012803D0032300202D
:1064B000094A0CE00423FAE702EB800191ED040A9B
:1064C00081ED080A91ED000A81ED040A401C984212
:1064D000F2DB7047541100203420002010B50D4C21
:1064E000608904280CD2DFE800F00B020B0801F0F1
:1064F00031F809490120087002E0002000F098FB03
:10650000002060616071A081E081608120740720BB
:10651000A07110BD5C1D00205B11002010B5502043
:1065200080F31188BFF34F8FBFF36F8F02F0EEFE41
:1065300018B104494FF080500860002080F31188A2
:1065400010BD000004ED00E010B594B0382106A89D
:10655000F9F7E7FF142101A8F9F7E3FF0020FCF7A2
:10656000B1FB012006900004079002200D90032447
:106570000E940F945521109111901290139006A82B
:10658000FCF7C2FE08B1FBF79BF80F2001900294C4
:106590000020039004900590042101A8FCF74CFD15
:1065A000002801D0FBF78CF814B010BD0248016838
:1065B00041F470010160704788ED00E00148FDF78B
:1065C0000ABD0000C81800200148FDF704BD000006
:1065D000101D00200148FDF7FEBC0000301800200F
:1065E0000148FDF7F8BC00007C1800202DE9F047B9
:1065F0000268254DDFF89480DFF89490254B4FF02A
:10660000804AA84207D0504505D0404503D04845B0
:1066100001D0984203D122F070044A6822431E4EF2
:106620001E4FDFF87CC0A8420DD050450BD040452E
:1066300009D0484507D0984205D0B04203D0B842AF
:1066400001D0604503D122F44074CA6822434C69EA
:1066500022F0800222438C68C4620C688462A842E3
:1066600007D0984205D0B04203D0B84201D060456F
:1066700001D109690163016841F004010160012150
:1066800041610260BDE8F087002C01400004004039
:106690000008004000340140004001400044014037
:1066A0000048014010B501F01F0101238B40046A2E
:1066B0009C430462036A8A401343036210BD10B511
:1066C000846824F47F4442EA03220A43224382601E
:1066D00010BD00008268034B1A400A4342F00701D4
:1066E000816070478FFFCFFF2DE9F043056A026A92
:1066F00022F001020262436882691E4C224022F0AD
:1067000003020C68144325F002058A682A431A4ED6
:106710001A4FDFF86CC0DFF86C80DFF86C90B04285
:1067200007D0B84205D0604503D0404501D0484568
:1067300007D1056A25F00405056222F00805CA683C
:106740002A43B04207D0B84205D0604503D0404547
:1067500001D0484507D123F4807323F400734D69B9
:106760001D438B692B434360846149684163026226
:10677000BDE8F0838FFFFEFF002C01400034014094
:10678000004001400044014000480140F0B5046A67
:10679000026A22F010020262426883691B4D2B409C
:1067A00023F440730D6843EA052524F020038C6828
:1067B00043EA0413164C174EA04201D0B04208D150
:1067C000076A27F04007076223F08003CF6843EA97
:1067D0000713A0420AD0B04208D00F4CA04205D007
:1067E0000E4CA04202D00E4CA04209D122F480628D
:1067F00022F400624C6942EA84028C6942EA840213
:1068000042608561496881630362F0BDFF8FFFFECE
:10681000002C014000340140004001400044014090
:1068200000480140F0B5056A026A22F480720262F3
:106830004268C3691B4C234023F003030C681C43CC
:1068400025F400738D6843EA0523174D174EA842BF
:1068500001D0B04208D1076A27F48067076223F4A9
:106860000063CF6843EA0723A8420AD0B04208D0A9
:106870000F4DA84205D00F4DA84202D00E4DA842A0
:1068800009D122F4805222F400524D6942EA0512E5
:106890008D6942EA05124260C4614968C1630362BE
:1068A000F0BD00008FFFFEFF002C014000340140CE
:1068B000004001400044014000480140F0B5046A36
:1068C000026A22F4805202624268C3691B4D2B4067
:1068D00023F440730D6843EA052524F400538C68C3
:1068E00043EA0433164C174EA04201D0B04208D1FF
:1068F000076A27F48047076223F40043CF6843EA1E
:106900000733A0420AD0B04208D00F4CA04205D0B5
:106910000E4CA04202D00E4CA04209D122F480427B
:1069200022F400424C6942EA84128C6942EA8412E1
:106930004260C561496801640362F0BDFF8FFFFEDC
:10694000002C01400034014000400140004401405F
:106950000048014030B5056A026A22F480320262C2
:106960004268036D114C23400C681C4325F400332E
:106970000D8943EA05430E4DA8420BD00D4DA842A8
:1069800008D00D4DA84205D00C4DA84202D00C4DA8
:10699000A84204D122F480324D6942EA05224260C5
:1069A000046549688164036230BD00008FFFFEFF0B
:1069B000002C0140003401400040014000440140EF
:1069C0000048014030B5056A026A22F48012026272
:1069D0004268036D114C23400C6843EA042425F4FB
:1069E00000130D8943EA05530D4DA8420BD00D4D00
:1069F000A84208D00C4DA84205D00C4DA84202D0A8
:106A00000B4DA84204D122F480224D6942EA85222E
:106A1000426004654968C164036230BDFF8FFFFEB8
:106A2000002C01400034014000400140004401407E
:106A30000048014010B5046A036A23F001030362B1
:106A40000E4B98420BD00E4B984208D00D4B9842FB
:106A500005D00D4B984202D00C4B984203D1036AEB
:106A600023F004030362836923F0F00343EA021373
:106A700024F00A020A438361026210BD002C014027
:106A80000034014000400140004401400048014002
:106A900010B5036A046A24F0100404620A4CA04290
:106AA00002D00A4CA04203D1046A24F040040462DC
:106AB000846924F4704444EA023223F0A00343EAD8
:106AC00001118261016210BD002C014000340140BF
:106AD00010B52DED028BF0EE408AB0EE418A30EE1B
:106AE000E80A002801D0FAF76BF9B4EEC80AF1EE13
:106AF00010FA01DDB0EE480AF1EE480AB4EEE00A01
:106B0000F1EE10FA01D2B0EE600A38EE800ABDEC68
:106B1000028B10BD10B50F48D0F88800202801D195
:106B200000F094FD02F0C2F80B48D0F8880020284D
:106B300009D10A480078012803D0022801D003288F
:106B400001D100F015FDFAF7EBF8054880ED000AD9
:106B500010BD0000A81900203C1A00205B11002085
:106B60000000002008B502F0CBFB0090FFF7D2FF39
:106B70000121684602F00CFAF8E7000010B5FAF7B8
:106B800013F92148FDF746F92048FDF743F9FFF7CF
:106B90009DF801F039FD1E48B7EE000A80ED180A95
:106BA0001C48FBF772FF07221B491C48FDF7C8FC75
:106BB0001A48D0F880000068016821F004010160E3
:106BC000062217491748FDF7BBFC1648D0F880008D
:106BD0000068016821F004010160FAF7CBF8FEF7C4
:106BE00030FC1148FFF75EF8FEF75CFC012000F076
:106BF0001FF80E48B3EE0E0A80ED150A80ED160A56
:106C000080ED170A10BD0000301800207C1800200D
:106C1000F01D00201419002032110020A8190020B6
:106C20002C1100203C1A0020581F00203420002086
:106C3000024640214FF09040FBF7F5BE30B5416E63
:106C4000002917D002689168C1F342619268520F1F
:106C50000B4B9C5CE50003F10804A25CB5FBF2F26F
:106C6000A0F86A205A5C615CD200B2FBF1F1A0F896
:106C7000681030BD012168304180018030BD0000C6
:106C80001C95000890F82810090706D501684A6885
:106C9000836B22F400421A434A6090F82810C90717
:106CA00006D001684A68C36A22F400321A434A6077
:106CB00090F82810890706D501684A68036B22F40A
:106CC00080321A434A6090F82810490706D50168B7
:106CD0004A68436B22F480221A434A6090F82810D5
:106CE000C90606D501688A68C36B22F480521A432C
:106CF0008A6090F82810890606D501688A68036CB6
:106D000022F400521A438A6090F82810490611D5DF
:106D100001684A68436C22F480121A434A60416C4D
:106D2000B1F5801F06D101684A68836C22F4C00265
:106D30001A434A6090F82810090606D501684A6887
:106D4000C06C22F4002202434A6070472DE9F843E8
:106D500004460025C4F89050FBF76CFE804620687E
:106D600000684FF0200600076FF07E4716D54346B7
:106D7000002231042046009700F008FB70B1206823
:106D800050E8001F21F0800140E80012002AF6D1EF
:106D90008434666025700320BDE8F88320680068AD
:106DA000400720D5434600224FF48001204600973B
:106DB00000F0ECFAB8B1206850E8001F21F490719F
:106DC00040E80012002AF6D12068083050E8001F81
:106DD00021F0010140E80012002AF5D18434A660B8
:106DE00025700320D8E76C34E66126622560656073
:106DF00025760020D0E710B5806AFDF7D7FC10BDDE
:106E000070B5846AD4F88800D4F88C5021688968F9
:106E1000090604D5212802D1204600F0E3F82068B5
:106E20008068400604D5222D02D1204600F09EF84D
:106E3000D4F8900040F01000C4F890002046FDF710
:106E4000B5FC70BD70B50346986A196809684FF0C3
:106E5000000489062DD4A0F85E40016851E8002F97
:106E600022F4807241E80025002DF6D10168083136
:106E700051E8002F22F0010241E80025002DF5D154
:106E80000168083151E8002F22F0400241E8002556
:106E9000002DF5D12021C0F88C10C16E012908D138
:106EA000016851E8002F22F0100241E80025002D72
:106EB000F6D10467C16E012902D0FDF7CBFF70BD8A
:106EC000A0F85E401968496889B2B0F85C208A422F
:106ED00001D9A0F85E10B0F85E10511A89B2FDF722
:106EE00059FB70BD10B50246906A01210167C16E61
:106EF000012902D0FDF7AFFF10BDB0F85C104B08C0
:106F0000A0F85E301268526892B2914201D3A0F8A4
:106F10005E20B0F85E20891A89B2FDF73BFB10BDF8
:106F200010B50146886A09680968890616D40021E7
:106F3000A0F856100168083151E8002F22F08002B5
:106F400041E80023002BF5D1016851E8002F42F001
:106F5000400241E80023002BF6D110BDFDF7C4FF2D
:106F600010BD10B5806AFDF7DBFF10BD10B50168DC
:106F700051E8002F22F4907241E80023002BF6D153
:106F80000E4B0168083151E8002F1A4041E80024F7
:106F9000002CF6D1C16E012908D1016851E8002FFB
:106FA00022F0100241E80023002BF6D12021C0F886
:106FB0008C100021C166416710BD0000FEFFFFEF8D
:106FC00010B5016851E8002F22F0400241E800238B
:106FD000002BF6D12021C0F8881000218167FDF731
:106FE00083FF10BD016851E8002F22F0C00241E884
:106FF0000023002BF6D10168083151E8002F22F45C
:10700000000241E80023002BF5D12021C0F88810B0
:10701000704700002DE9F04104460025A74B206889
:107020002269A168E669114362693243114302682B
:10703000A34E32400A43026020684168E26821F4AE
:10704000405111434160A0692168994201D0226AF0
:1070500010438A689B4E324002438A602068C16AAE
:10706000626A21F00F011143C16297492268974873
:107070008A4214D1D0F8880010F0030007D001280C
:1070800009D0022805D0032807D010216AE0012189
:1070900068E0022166E0042164E0082162E08C4996
:1070A0008A4214D1D0F8880010F00C0007D00428D0
:1070B00009D0082805D00C2807D0102152E0002163
:1070C00050E002214EE004214CE008214AE08149D1
:1070D0008A4214D1D0F8880010F0300007D0102870
:1070E00009D0202805D0302807D010213AE000210F
:1070F00038E0022136E0042134E0082132E076490C
:107100008A4214D1D0F8880010F0C00007D040287F
:1071100009D0802805D0C02807D0102122E0002106
:1071200020E002211EE004211CE008211AE09A421E
:1071300017D1D0F8880010F440600AD0B0F5806F05
:107140000BD0B0F5006F06D0B0F5406F07D010211E
:1071500008E0002106E0022104E0042102E0082109
:1071600000E010215D485E4E00274FF4004C9A422B
:1071700039D1B9B1022905D0042916D0082917D070
:107180000020012560B3616A36F81120B0FBF2F1EE
:10719000666806EB46038B4202D8B1EB063F09D97D
:1071A000012582E0FCF750F8ECE7FCF771F8E9E71D
:1071B0006046E7E700231946F9F702F9090241EAB8
:1071C0001061020270081018794132460023F9F765
:1071D000F7F8444AA0F54071914202D82168C8608E
:1071E00063E0012561E0E2694FF6EF78624530D156
:1071F000092911D2DFE801F0050812100B10101058
:107200000E00FCF721F809E0FCF730F806E0FCF787
:107210003FF803E0604601E000200125F0B3616A19
:1072200036F81110B0FBF1F04100606801EB50013D
:10723000B1FBF0F0A0F11001414508D84FF6F07114
:107240000140C0F3420001432068C1602DE00125E8
:107250002BE0092911D2DFE801F0050812100B100C
:1072600010100E00FBF7F0FF09E0FBF7FFFF06E050
:10727000FCF70EF803E0604601E00020012568B14C
:10728000616A36F81110B0FBF1F1606801EB500152
:10729000B1FBF0F0A0F11001414500E005E003D89A
:1072A000216880B2C86000E0012501206834608058
:1072B0002080E76027612846BDE8F081008000401B
:1072C000F369FFCFFFF4FF110038014000100240C6
:1072D0000044004000480040004C00400024F400FE
:1072E00004950008FFFC0F0070B5044644F8581FD1
:1072F000A2800021A16322206063A06A583C00287C
:107300001DD01F4BC362241D1E48E36F1863E36F3B
:107310001D485863E06F8163606D54F8041CE56F8D
:10732000134602462431241F2846FBF727FA30B1C2
:1073300010208C34606020202060012070BD206906
:1073400040B1206850E8001F41F4807140E800120D
:10735000002AF6D12068083050E8001F41F00101F2
:1073600040E80012002AF5D12068083050E8001FDC
:1073700041F0400140E80012002AF5D1002070BD24
:10738000456E0008E56E0008016E00082DE9F04723
:107390000446089E0D46174698464FF0000935E012
:1073A000701C33D0FBF746FBA0EB0800B04219D8A5
:1073B000C6B120680168490728D5802D26D0402D08
:1073C00024D0C169C94309070ED420680825056285
:1073D0002046FFF7CBFDC4F8905084F8849001203C
:1073E000BDE8F0870320FBE7C069C04300050DD46A
:1073F00021684FF4006008622046FFF7B7FD2020A7
:10740000C4F8900084F884900320E9E72068C069FC
:1074100035EA000004D00020B842C1D00020DFE7E8
:107420000120F9E70148FDF703BA00001419002014
:107430000148FDF7FDB90000A81900200148FDF73B
:10744000F7B900003C1A0020FEE7000070B53B4988
:1074500002780A7042790A77027801244FF090434B
:107460005A2A02D14579A52D02D07A2A45D047E083
:107470008278457842EA052212B24A800579C078BE
:1074800045EA0020404200B2C880404200EE100AA7
:10749000DFED2B0AB8EEC00A60EE200A9FED290A44
:1074A00020EE800AF0EE000A20EE200A81ED030AA9
:1074B00000EE102AF2EE081AB8EEC00A80EE211A89
:1074C0009FED210A21EE000A20EE200A81ED040A38
:1074D0004C77886A401C886281F82C400122102178
:1074E0001846FBF7A0FA19480078032818D1184865
:1074F00007C8BDE87040F9F7A9BE4579A72D10D09F
:107500009A2A0DD14279A92A0AD18278437842EA8F
:107510000322CA770279C07842EA002081F820006D
:1075200070BD00204880C880487781F82C40BDE8B5
:107530007040012210211846FBF775BAC01D0020CB
:107540000000803D00009042000058425B11002086
:1075500044950008022000F001B80000024948707C
:1075600003220248FDF778BC241100203C1A0020B9
:1075700030B58DB02F4991ED0A0AB8EE400A8DED75
:10758000010A2D4890ED290A8DED020A91ED040AB9
:107590002A499FED2B1A097800EE901AF8EE600A3E
:1075A00000EE810A8DED030A264991ED000A8DED6A
:1075B000040A91ED010A8DED050A91ED020A8DEDA7
:1075C000060A90ED0C0A8DED070A90ED0D0A8DED7F
:1075D000080A90ED0E0A8DED090A90ED150A8DED61
:1075E0000A0A90ED160A8DED0B0A90ED170A8DED43
:1075F0000C0A104B57203C3B1870002001AC04EBE8
:10760000800103EB8002CD7855708D7895704D78B0
:10761000D57009781171401CC0B20C28EFD37520C9
:1076200083F83100034932223C390748FDF714FC46
:107630000DB030BDC01D0020342000205B110020A3
:1076400000007A44F01D00203C1A002000B589B0EB
:1076500026482B49007800EE100A2548B8EE400A6B
:107660008DED070A90ED000A22488DED060A90ED97
:10767000000A21488DED050A90ED070A8DED040AF8
:1076800090ED060A1D488DED030A90ED200A8DED60
:10769000020A90ED1F0A8DED010A90ED1E0A8DED94
:1076A000000AD0ED337A90ED327AD0ED316A90ED68
:1076B000306AD0ED295A90ED285AD0ED274A91ED45
:1076C000024AD1ED013A91ED003AD0ED0E2A90ED4B
:1076D0000D2AD0ED0C1A90ED171AD0ED160A90ED88
:1076E000150A00F00FF809B000BD00005B11002082
:1076F0000000002050110020F01D00203420002048
:10770000082800202DED088B9DED088ADDED098A03
:107710009DED0A9ADDED0B9A9DED0CAADDED0DAA0B
:107720009DED0EBADDED0FBA1B4880ED000AC0EDED
:10773000010A80ED021AC0ED031A80ED042AC0EDA3
:10774000052A80ED063AC0ED073A80ED084AC0ED03
:10775000094A80ED0A5AC0ED0B5A80ED0C6AC0ED63
:107760000D6A80ED0E7AC0ED0F7A80ED108AC0EDC3
:10777000118A80ED129AC0ED139A80ED14AAC0ED23
:1077800015AA80ED16BAC0ED17BA0146BDEC088BFC
:1077900064220248FDF760BBC8140020A81900202D
:1077A0001048417801291CD1C0790F4910B1012836
:1077B0000BD014E0B3EE0E0A81ED000A81ED010A50
:1077C00081ED030A81ED020A09E09FED080A81EDCF
:1077D000000A81ED010A81ED030A81ED020A00F041
:1077E00007B870475411002034200020000000002A
:1077F00000B51749C879032817D0B0B18878012897
:1078000013D0DFED141AB0EE610A00F067F8B0EEA5
:10781000610A00F083F8B0EE610A00F01FF8B0EEE4
:10782000610A5DF804EB00F039B80B4A92ED000AEA
:1078300000F054F892ED010A00F070F892ED030A9E
:1078400000F00CF892ED020A5DF804EB00F026B8A7
:107850005411002000000000342000209FED0A1A7F
:107860000C48C0EE010A9FED091A9FED090A00EECF
:10787000810A80ED330A0849BCEEC00A096810EE9F
:10788000100A0864704700000000B44200007A4407
:107890000080B14434200020E41700209FED0A1A34
:1078A0000C48C0EE010A9FED091A9FED090A00EE8F
:1078B000810A80ED320A0849BCEEC00A096810EE60
:1078C000100AC863704700000000B44200007A4408
:1078D0000040BF4434200020E41700209FED0A1A26
:1078E0000C48C0EE010A9FED091A9FED090A00EE4F
:1078F000810A80ED300A0849BCEEC00A096810EE22
:10790000100A8863704700000000B44200007A4407
:107910000000B44434200020981700209FED0A1A7C
:107920000C48C0EE010A9FED091A9FED090A00EE0E
:10793000810A80ED310A0849BCEEC00A096810EEE0
:10794000100A8863704700000000B44200007A44C7
:1079500000A0AF4434200020E417002041000802BA
:1079600018BF04200A0E18BF40F001004FF07F42FC
:1079700032EA010108BF40F00200012808BF0520DB
:10798000704720F00040C0F1FF40C00F704709076A
:10799000090E002804DB00F1E02080F80014704795
:1079A00000F00F0000F1E02080F8141D7047000087
:1079B00010B54FF00E402DED028BB0EE408A18EE60
:1079C000104A00EB4400B0F1506F4AD84FF0FC4031
:1079D000B0EB440F22D2B0EEC80AF7EE000A30EE48
:1079E000C00AF6EE000A60EE208A18EE900A01F056
:1079F0003DF901EE100A14F0004F1DBFDFED2D0A16
:107A00009FED2D0AB1EE411ADFED2C0A08BF9FED64
:107A10002C0AF8EE001A21EE218A05E0DFED290A92
:107A200068EE088AB0EE600A9FED271ADFED271A8C
:107A300030EE080A48EE811A9FED251A08EEA11AC9
:107A4000DFED241A48EE811A9FED231A08EEA11AE1
:107A500068EE281ABDEC028B01EE810A30EE200A96
:107A600010BD4FF0E440B0EB440F0CD918EE100AF3
:107A7000FFF774FF042808BF00F0B2F9B0EE480A1F
:107A8000BDEC028B10BD4FF07F40B0EB440F07D22E
:107A9000B0EE480ABDEC028BBDE8104000F091B991
:107AA0000120F8F76DFDBDEC028BBDE8104000F041
:107AB0008FB900000000C9BF22AAFDB90000C93F6C
:107AC00022AAFD390000000024FE1C3DC78AD83CD4
:107AD0001E67383D1B93993DAFAA2A3E70B54FF003
:107AE00068422DED048BF0EE408A18EE900AB0EE5D
:107AF000608A18EE101A02EB4003B3F1654F3CBFE9
:107B000002EB4102B2F1654F7DD200BFC0F3C75313
:107B1000C1F3C7529A1A1B2A09DD10F0004F14BF97
:107B20009FED830A9FED830ABDEC048B70BD12F1BB
:107B30001A0F36DA11F0004F09D010F0004F0CBFC9
:107B40009FED7D0A9FED7D0ABDEC048B70BD88EE34
:107B5000889A19EE100AFFF701FF042808BF00F009
:107B60003FF918EE900AFFF7F9FE054618EE100AE5
:107B7000FFF7F4FE044619EE100AFFF7EFFE042D9E
:107B800018BF052D08D1042C18BF052C04D10028DE
:107B900004BF0220F8F7F4FCB0EE490ABDEC048BF8
:107BA00070BD4200B2EB410F3AD910F0004F19BF3F
:107BB000DFED630A9FED630ADFED630A9FED630A61
:107BC000B0EE481A0A46B1EE688A80F00041F0EE45
:107BD000418A10460A1A5200B2F1807F34D24840DE
:107BE00010F0004FDFED5A1A9FED5A2A1DBFBEEE6E
:107BF000001A70EEE10A30EE420AB6EE001A08BF33
:107C000070EEA10A00E040E008BF30EE020AB0EEDC
:107C1000682A01EE482A08EE818AC2EE081A15E0A9
:107C200011F0004F04BF9FED4C0AF0EE400AD1D096
:107C300010F0004F19BFDFED490A9FED490ADFED53
:107C4000490A9FED490AC5E7C8EE881A21EEA11A34
:107C50009FED462ADFED462A41EE022A9FED452A96
:107C600001EE222ADFED442A41EE022A9FED432A4B
:107C7000BDEC048B01EE222A21EE811A01EE020AEC
:107C800030EE210A30EE200A70BD4FF07F42B2EB99
:107C9000400F28BFB2EB410F09D2F0EE480AB0EE18
:107CA000680ABDEC048BBDE8704000F08DB840EA76
:107CB00001035B0008BF41F0FF410BD0B2EB400F66
:107CC00008BFB2EB410F08D120F0804008EE900AC7
:107CD00021F0804108EE101A18E7B2EB400F12BFF6
:107CE0005FEA410340F0FF4001F000413FF40EAF76
:107CF000B2EB410F12BF5FEA400200F0004041F0DA
:107D0000FF413FF403AF4A0092EA40033FF5FEAE65
:107D1000002AACBF9FED1A0A9FED1A0A68EE808A0E
:107D200028EE008A18EE900A18EE101AEEE600000F
:107D3000DB0FC9BFDB0FC93FDB0F4940DB0F49C079
:107D40000000C9BF22AAFDB90000C93F22AAFD391F
:107D50000060ED3EC30ACE3700000000000049C0BD
:107D600022AA7DBA0000494022AA7D3A2DAD65BD08
:107D70008FB8D53D0FB511BE61C84C3EA8AAAABEAA
:107D80000000804F0000802F10B52DED028BB1EE6A
:107D9000C08A18EE100A20F00040C0F1FF40C00F6A
:107DA0000AD010EE100A20F00040C0F1FF40C00FD2
:107DB00004BF0120F8F7E4FBB0EE480ABDEC028BEB
:107DC00010BD30EE000A704730EE200A7047000008
:107DD000DFED020A80EEA00A7047000000000000FC
:107DE0009FED020A20EE000A70470000000000101C
:107DF000D0ED000AF4EEC00AF1EE10FA01DD80EDDC
:107E0000000AD0ED000AB1EE400AF4EEC00AF1EE2D
:107E100010FA01D280ED000A70477EB500230024DD
:107E200000226D469A4203D02646641C45F826205F
:107E3000521C042AF6DB009A00EB820292ED003A13
:107E4000019C00EB8405D5ED003A029C00EB840414
:107E500094ED004A92ED040AD5ED040A94ED041A5B
:107E6000D2ED081A95ED082AD4ED082A60EEA24A50
:107E700060EE222A20EE020A41EE424A41EE612AD9
:107E800000EEE10A24EE833A03EEE23A04EE003A11
:107E9000DA0702D0BFEE000A01E0B7EE000A01EBFC
:107EA000830220EE030A82ED000A5B1C042BB6DB82
:107EB0007EBD000030B58FB00C4615460346042247
:107EC00003210DA8F8F7C1FB224B032204210BA8C4
:107ED000F8F7BBFB0BA90DA8F8F7CAFD1D4B032251
:107EE0003033114609A8F8F7B0FB09AA0BA90DA871
:107EF000F8F72AFD174B03225433114607A8F8F769
:107F0000A4FB07A909A8F8F7A5FB401D1FD023462D
:107F10000122032105A8F8F798FB0E4B01227833C4
:107F2000032103A8F8F791FB03AA05A907A8F8F70E
:107F30000BFD2B460122042101A8F8F786FB01AABC
:107F400003A90BA8F8F700FD01200FB030BD0020F9
:107F5000FBE70000B01F002010B5DFED4F1A9FEDCA
:107F60004F2A00224E4B01EB820494ED001AF0EEF2
:107F7000C10A10EE904A9C420CDA00EB8204D4ED68
:107F8000000AF0EEE00AF4EEC00AF1EE10FA2ADD83
:107F9000002010BD00EB8204F1EE400AD4ED002A6F
:107FA00030EEE23AC3EE010A30EE623AF0EE412AD8
:107FB00083EE221AF4EEC10AF1EE10FA05DDF0EEBE
:107FC000602AF0EE410AB0EE621AF4EEE10AF1EE38
:107FD00010FA01DDF0EE601AB4EEC21AF1EE10FAFA
:107FE00001D2B0EE412A521C042ABCDBF4EEC21AC4
:107FF000F1EE10FA01DD002010BD91ED000A91EDC7
:10800000011AD1ED022A60EE000A91ED033A41EE29
:10801000010A42EEA20A43EE030AD0ED003A23EE33
:10802000800AD0ED013A03EE810A90ED021A01EECA
:10803000220A90ED031A01EE030A10EE902A194B62
:108040009A4204DD80EE201AF1EE410A01E0DFEDF4
:10805000160AF4EEE10AF1EE10FA01D2F0EE610A2E
:10806000F4EEC20AF1EE10FA01DDF0EE420A0F4A18
:10807000C2ED050A002200EB820301EB820493EDBE
:10808000000A94ED001A00EE810A83ED000A521CEA
:10809000042AF0DB012010BDCAF249F1CAF249718D
:1080A000BD3786355F708930000000005411002014
:1080B0003EB505460C468DED000ACDED010A8DED6D
:1080C000021A224669461048FFF7F4FEB0B10020BC
:1080D000B1EE000A04EB8001D1ED000A60EE800AE7
:1080E000C1ED000A401C0428F4DB29469FED070A75
:1080F0002046FFF731FF20B101203EBD4FF0FF3099
:108100003EBD00203EBD00008411002000007042F2
:1081100000F0AA01490800F0550041EA400000F0D3
:10812000CC01890800F0330041EA8000010900F029
:108130000F0041EA001070472DE9F04106460F4656
:108140000024002512E0705DFFF7E2FF44400020AC
:108150003121220602D581EA440200E06200D4B255
:10816000401CC0B20828F4D36D1CADB2BD42EAD3A6
:108170002046BDE8F041FFF7CBBF00002DE9F041FC
:108180002948A0F128058179022909D0274BEA79ED
:108190000026274CD969D3F8C000012A06D01AE07E
:1081A0000121E97105218171BDE8F081214FB842BB
:1081B00002DA214FB9420ED3B4F9FC00411CA4F8F5
:1081C000FC100528F0DD0320FFF7C8F90220E87154
:1081D000A4F8FC60E8E7022A10D1D3F88030174FEA
:1081E000BB420BDCB4F9FE00411CA4F8FE100528CC
:1081F000DADD0320E871A4F8FE60D5E7032AD3D1C5
:108200000F4A9042D0DBB1F17F5FCDDBB4F90001C2
:10821000411CA4F800110528C6DD0420E871FFF711
:108220009DF9A4F80061BFE77C110020F01D00203B
:1082300034200020CDCC4C3F333333BF0000A0406E
:108240006666663F0E4900208870C879012807D00D
:10825000022807D003280FD004280FD1F9F7ECBA71
:10826000F9F71CBB0748084AD0F88000904205DCAB
:1082700001208870F9F7FABAF9F742BB704700009D
:1082800054110020F01D00200000F0412DE9F041C4
:1082900005460C463A4B02221146A3F12C00F8F792
:1082A000D4F904F10C030122022105F10C00F8F7C6
:1082B000CCF904F114030122022105F11400F8F7AE
:1082C000C4F904F11C030122022105F11C00F8F796
:1082D000BCF9022205F1240004F17403114606469C
:1082E000F8F7B3F9022205F12C0004F184031146DA
:1082F0000746F8F7AAF9022204F19403114605F1A2
:108300004400F8F7A2F9022204F1A403114605F192
:108310004C00F8F79AF9022204F14403114605F1E2
:108320005400F8F792F9022204F12403114605F1F2
:108330005C00F8F78AF9022204F13403114605F1D2
:108340006400F8F782F9022205F1340004F15403C5
:1083500011468046F8F779F941463046F8F788FB30
:1083600004F16403022205F13C0011460446F8F7CB
:108370006CF921463846BDE8F041F8F779BB0000BA
:1083800014120020FAF7ECFBFEF7DEF8FDF7BCF95B
:10839000FDF730F9FDF7F0F8FDF71EFAFDF77AFA70
:1083A000FDF7CCFAFDF720FBFDF77CFBFDF79CFB0E
:1083B000FDF73AFAFDF7BCFBFDF7EEFBFDF720FCFD
:1083C000FDF76EF900F00FF8FEE701460020842962
:1083D00000D0C81C704710B5002800D1012000F063
:1083E000AFFD002010BD10B500F074FE002010BDE0
:1083F0003EB504460D46B4F90800FFF7E6FF02A9B2
:10840000CDE90001208A2B4682B2D4E9001000F0A9
:1084100047FF012801D000203EBD02983EBD10B5A7
:1084200000F002FE002010BD00B50246B0EE412A69
:1084300082ED110AC2ED0E0A30EEC00A82ED140A76
:1084400092F88400002803D0F8F7BAFC82ED140AF1
:1084500092ED1F0A9FED6A3AB5EEC00AF1EE10FAEE
:108460000DD092ED140AF8F754FBD2ED1F0AB4EECA
:10847000E00AF1EE10FA02DDB0EE430A00BDD2EDE3
:10848000200A92ED140AF9F7CFF8F0EE401AD2ED77
:10849000200A92ED150AF9F7C7F8F0EE402A117B91
:1084A00002F1600011B1012948D089E092ED000A83
:1084B00020EE210A82ED170AD2ED010A92ED180A88
:1084C00060EEA10A00EE820A82ED180A92ED020A1D
:1084D000B5EEC00AF1EE10FA04D012EE101A494BB4
:1084E000994202DA82ED193A0DE0D2ED110A92EDCD
:1084F000121AB1EE400A70EEC10A20EE800AC0EEF8
:10850000020AC2ED190A92ED050AFFF771FC92ED1D
:10851000170AD2ED180A30EE200AD2ED190A30EE11
:10852000200A82ED1A0A92ED040A02F16800FFF7B0
:108530005FFC92ED1A0A82ED1B0A41E0D2ED200A9F
:1085400092ED160AF9F770F831EEE21AD2ED000A50
:1085500060EE810AC2ED170AD2ED010A60EEA10AAF
:1085600060EE820AC2ED180AB0EE001AD2ED020ADD
:1085700042EEC11A31EE800A20EE800A82ED190A1D
:1085800092ED050AFFF734FC92ED170AD2ED180AB6
:1085900030EE200AD2ED190A30EE200A82ED1C0AD4
:1085A000D2ED1E0A30EE800A82ED1D0A92ED040A19
:1085B00002F17400FFF71CFC92ED1D0A82ED1E0A09
:1085C00092ED150A82ED160A92ED140A82ED150A53
:1085D00092ED120A82ED130A92ED110A82ED120A4F
:1085E00092ED0F0A82ED100A92ED0E0A82ED0F0A4B
:1085F000107B10B192ED1D0A00BD92ED1A0A00BD6C
:1086000000000000BD37863510B52DED048BDFED81
:10861000669AB0EE693ADFED658AF0EE682A9FED62
:10862000648AB0EE482AF0EE481A9FED621AF1EE25
:10863000000A9FED619A00216048B0EE490AFDF7FB
:1086400015FB5E48B0EE683AF0EE682AB0EE482AB4
:10865000F0EE481AB0EE681AF1EE000AB0EE490AE0
:1086600000218C30FDF702FBB0EE683AF0EE682A8C
:10867000B0EE482AF0EE481A9FED511AF1EE000ACA
:108680009FED500A00215048FDF7F0FAB0EE693A2C
:10869000F0EE682AB0EE482AF0EE481ADFED4B9A69
:1086A0004948F1EE000AB0EE691AB0EE490A00211D
:1086B0008C30FDF7DBFAB0EE683AF0EE682AB0EEE7
:1086C000482AF0EE481AB0EE691AF1EE000A9FED62
:1086D000400A00213F48FDF7C9FA3E48B0EE683A2B
:1086E000F0EE682AB0EE482AF0EE481A9FED3A1AEA
:1086F000F2EE040A9FED390A00218C30FDF7B6FA3C
:108700002E48B1EE040A80ED200A80ED430AF0EE17
:10871000000AC0ED660A80ED890A80EDAC0AC0ED62
:10872000CF0A012180F8101180F89C11DFED2C8A0E
:10873000B0EE483AF0EE482AB0EE482AF0EE681A59
:10874000B0EE001AF7EE000AB2EE040A002100F5BE
:108750005270FDF78BFAB0EE483AF0EE482AB0EED0
:10876000482AF0EE681AB0EE001AF7EE000AB2EEF0
:10877000040A00211B48FDF779FAB0EE483AF0EE02
:10878000482AB0EE482AF0EE681ABDEC048B0021AE
:10879000B0EE001A1348BDE81040F7EE000AB2EE42
:1087A000040A8C30FDF762BA3333333F9A99993E0D
:1087B00000000000CDCC4C3E0000A0421C23002055
:1087C0003333733F0000164334240020CDCCCC3D1E
:1087D000000070424C2500201F856B3E00002042A7
:1087E0000AD7233CF0260020C0ED050A80ED040ADC
:1087F000017380ED001AC0ED011A80ED022A704766
:108800002DE9F04104460F46194EF5683168002005
:1088100081F855003068001D00F0D2FA38B9306890
:1088200090F82C1001208840316981433161601C2F
:1088300007D137B13168BDE8F041091D0D4800F09E
:10884000F8BA2C4430684460AC4206D23168B06B50
:10885000091DBDE8F04100F0D4BA3168706B091D04
:1088600000F0CFFAB06A844200D2B462BDE8F08171
:10887000B4150020F028002070B5044600F0E6FA98
:108880001C4DA868401CA860286810B1686938B100
:108890000CE02C60A868012808D100F0E9F805E098
:1088A0002868E16AC06A884200D82C60686A401C67
:1088B0006862E06A01212A698140114329610E49F9
:1088C00000EB800001EB8000211D00F0B2FA00F007
:1088D000DDFA686900280CD02868E16AC06A88421D
:1088E00007D206494FF080500860BFF34F8FBFF3A7
:1088F0006F8F70BDB41500201428002004ED00E037
:1089000070B50C4D0C4E11E000F0A0FAF068C46890
:10891000201D00F055FAA868401EA8606868401E37
:10892000686000F0B3FA204600F008F86868002894
:10893000EAD170BDB4150020DC28002010B5044633
:10894000206B00F0B9FA2046BDE8104000F0B4BA40
:108950004FF470510F48420706D0C01D20F00700A9
:108960000C49411AC1F570510B4A10600023536045
:108970000144083921F00701183A11604B600B607F
:108980000B1A436001604068906050604FF00040F7
:10899000506170470429002008160020074E4FF050
:1089A0008054074DFFF7ACFF30680128FAD92C60DE
:1089B000BFF34F8FBFF36F8FF4E700001428002040
:1089C00004ED00E02DE9F05F8246DDE90A590C9CD8
:1089D0000E4617469B46B900A522206BF7F799FD76
:1089E000206B7F1E00EB870020F00707780707D079
:1089F000502080F31188BFF34F8FBFF36F8FFEE7D6
:108A00004FF0000866B100202218315C82F8341063
:108A1000315C11B1401C1428F6D384F8478001E082
:108A200084F83480072D00D30625E562A564C4F8D8
:108A30004C80201D00F0E2F904F1180000F0DEF98E
:108A40002461C5F10700A0616462C4F8508084F815
:108A5000548084F855805A465146384600F0F4F860
:108A60002060B9F1000F01D0C9F80040BDE8F09FC7
:108A700070B50024124D04EB840005EB800000F07B
:108A8000B2F9641C072CF6D30D488C3000F0ABF91A
:108A90000B48A03000F0A7F90948B43000F0A3F962
:108AA0000748C83000F09FF90548DC3000F09BF91A
:108AB000034904488C3141631431816370BD000067
:108AC00014280020B415002030B5134900E01146E9
:108AD0000A688242FBD34B685C18844203D1406829
:108AE0001844486008460D6844682318AB420DD10D
:108AF000094B183B1B689A4206D0526822444260D8
:108B00000A681268026002E0036000E002608142CD
:108B100000D0086030BD0000081600200748416BF7
:108B20000968002905D0416BC968C9684968816234
:108B300070474FF0FF31816270470000B41500208C
:108B400009484068401C07D0502080F31188BFF3CB
:108B50004F8FBFF36F8FFEE7502080F31188BFF374
:108B60004F8FBFF36F8FFEE7101600202DE9F04105
:108B70000546002600F0E2FA324F386808B9FFF7E0
:108B8000E7FE786905424DD18DB1083568070ED0F2
:108B900005F00700C0F108000544680707D0502021
:108BA00080F31188BFF34F8FBFF36F8FFEE7CDB314
:108BB0007868854236D8234918310846046801E0B0
:108BC000214604466068A84202D220680028F7D1F6
:108BD0003868844226D00E680836206808606068CD
:108BE000411B10290ED96019420707D0502080F38D
:108BF0001188BFF34F8FBFF36F8FFEE74160656051
:108C0000FFF762FF61687868401A7860BA6890423E
:108C100000D2B86078690143616000202060F86884
:108C2000401CF86000F0DAFB700707D0502080F39A
:108C30001188BFF34F8FBFF36F8FFEE73046BDE85B
:108C4000F0810000F015002024384FF0807303629B
:108C500021F00101C1610449816142606FF00201AC
:108C600040F8201970470000418B000810B500EE55
:108C7000100A2DED028BB1EEC08A18EE100A20F01A
:108C80000040C0F1FF40C00F0AD010EE100A20F0E3
:108C90000040C0F1FF40C00F04BF0120F7F770FC97
:108CA00018EE100ABDEC028B10BD000070B52DED62
:108CB000028B00F025FB3C4E9FED3C0A0024B1796D
:108CC00019B1B0EE408AB4710EE0716A411A00EE3B
:108CD000901AF8EE600A20EE808A354A18EE101AD3
:108CE000914201DAB0EE408A7062FFF747FAFFF76F
:108CF000A9FA304D85F80441F079022801D0032803
:108D000006D1012085F80401B0EE480AF8F7F4FC1A
:108D100030789FED298A012821D1F079022801D0ED
:108D2000032810D195ED291AD5ED280AB0EE480A8E
:108D3000F078012802D0022805D102E0FDF7BEF943
:108D400001E0FDF7C1FA0024DFED1C8A05EB840089
:108D5000B0EE680AFFF74CF8641C042CF6DBF079DF
:108D6000042801D0052807D1002005EB800181ED02
:108D7000008A401C0428F8DBF8F74EFC0A4828302B
:108D8000817901290DD1417800290AD10078012883
:108D900007D1BDEC028B4FF49670BDE87040FFF731
:108DA0001ABBBDEC028B70BD541100206F12833AC8
:108DB00017B7D138342000200000000000007042B6
:108DC0000169D0E901329A60D0E901235A604A680A
:108DD000824201D182684A60002202610868401E16
:108DE00008600868704700F1080141604FF0FF32E9
:108DF0008260C16001610021016070470021016152
:108E0000704730B50C68621C02D000F1080202E025
:108E1000026904E01A4653681D68A542FAD95368EE
:108E20004B6099608A60516008610168491C01606B
:108E300030BD42684A6093688B6093685960916066
:108E400008610168491C016070470000502080F3F0
:108E50001188BFF34F8FBFF36F8F0A494868401CDA
:108E6000486001280CD10848006810F0FF0F07D0B7
:108E7000502080F31188BFF34F8FBFF36F8FFEE751
:108E8000704700001016002004ED00E00949486812
:108E9000002806D0401E4860002801D180F31188C8
:108EA0007047502080F31188BFF34F8FBFF36F8F4F
:108EB000FEE700001016002070B500282AD0083800
:108EC0000446154D60686969084207D1502080F357
:108ED0001188BFF34F8FBFF36F8FFEE722683AB15F
:108EE000502080F31188BFF34F8FBFF36F8FFEE7E1
:108EF0008843606000F022F960686968084468602F
:108F00002046FFF7E1FD2869401C2861BDE870405C
:108F100000F064BA70BD0000F01500204FF0E020B2
:108F200000210161816105494FF47A720968B1FB42
:108F3000F2F1491E416107210161704720000020C4
:108F400010B502460020002A12D00F48006B38B13D
:108F5000502080F31188BFF34F8FBFF36F8FFEE770
:108F600000F0ECF800211046FFF74AFC00F036FA5A
:108F7000002807D105494FF080500860BFF34F8F9C
:108F8000BFF36F8F10BD0000B415002004ED00E0AA
:108F900070B505460E460023002D0BD096B1204A31
:108FA000106BB8B1502080F31188BFF34F8FBFF31F
:108FB0006F8FFEE7502080F31188BFF34F8FBFF310
:108FC0006F8FFEE7502080F31188BFF34F8FBFF300
:108FD0006F8FFEE700F0B2F8D2682C68A1199442B6
:108FE00005D98C4208D9914206D9012304E08C426C
:108FF00001D8914200D9012329601BB1881A0021B0
:10900000FFF7FEFB00F0EAF9002807D105494FF011
:1090100080500860BFF34F8FBFF36F8F70BD0000AB
:10902000B415002004ED00E070B50446FFF70EFF14
:10903000254D04B92C68201DFFF7C2FE58B9E06A1F
:10904000224A00EB800152F8211021B90121814010
:10905000286988432861A06A18B104F11800FFF755
:10906000AFFE686A401C68622868844208D11748CD
:10907000211DC830FFF7DDFE6868401C686007E00E
:10908000A868401EA8602046FFF758FCFFF746FD81
:10909000FFF7FCFE6869002814D02868844211D1CB
:1090A000286B38B1502080F31188BFF34F8FBFF386
:1090B0006F8FFEE706494FF080500860BFF34F8F77
:1090C000BFF36F8F70BD0000B4150020142800207E
:1090D00004ED00E01CB515480024CDE9004023460E
:1090E0004FF4007212A1144800F0DAF8012809D0F8
:1090F000401C1AD1502080F31188BFF34F8FBFF36B
:109100006F8FFEE7502080F31188BFF34F8FBFF3BE
:109110006F8F06484FF0FF312C3881620121416189
:10912000C460BDE81C4000F041B81CBDE015002043
:1091300049444C45000000009D8900080248016B2D
:10914000491C016370470000B4150020154A106BDC
:10915000002802D00120D06170470020D061106942
:10916000B0FA80F0C0F11F000F4900EB800051F809
:10917000203073B101EB800041684968416000F123
:109180000803994201D1496841604068C068106095
:109190007047502080F31188BFF34F8FBFF36F8F5C
:1091A000FEE70000B4150020142800201CB5374845
:1091B0000168374A914207D1502080F31188BFF3EC
:1091C0004F8FBFF36F8FFEE700683149491E884219
:1091D00007D1502080F31188BFF34F8FBFF36F8FFB
:1091E000FEE72C4908780190FF200870087800906D
:1091F0009DF800009DF8002000F0F000904207D09C
:10920000502080F31188BFF34F8FBFF36F8FFEE7BD
:109210009DF80000204C00F0500020700720A06056
:1092200006E0A068401EA0609DF80000400000908D
:109230009DF800000006F4D4A068032807D0502051
:1092400080F31188BFF34F8FBFF36F8FFEE74FF4AA
:109250004070A060019808700C482030016841F40B
:1092600070010160016841F070410160FFF756FE36
:1092700000206060F7F748F80848016841F0404175
:109280000160F7F72DF800201CBD000000ED00E0A4
:1092900071C20F4100E400E01016002034EF00E03E
:1092A0002DE9FF5F8146DDE90E788A4616469B462A
:1092B000B000FFF75BFC054628000AD05820FFF7F6
:1092C00055FC04460CB1256304E02846FFF7F4FD85
:1092D00000E000248CB10020CDE90240CDE9007807
:1092E0005B46324651464846FFF76CFB2046FFF787
:1092F000C3FA012004B0BDE8F09F4FF0FF30F9E75A
:109300000148C06870470000B41500202DE9F04105
:109310000026304F386B002805D0B869401CB86172
:109320003046BDE8F081FD686D1CFD609DB9786B2D
:10933000006838B1502080F31188BFF34F8FBFF31E
:109340006F8FFEE7786BB96B7963B863386A401C3E
:109350003862FFF7E3FBB86ADFF87C8085420DD303
:10936000786B006838B1786BC068C4686068854203
:1093700012D2B86202E04FF0FF30B8623868C06ABB
:1093800000EB800058F82000012800D90126F86978
:109390000028C5D00126C3E7201DFFF711FDA06AF4
:1093A00018B104F11800FFF70BFDE06A01213A69DA
:1093B00081401143396100EB800008EB8000211DE2
:1093C000FFF737FDE06A3968C96A8842C8D30126C9
:1093D000C6E70000B4150020142800202DE9F04154
:1093E000002400272D4D286B002807D0FFF72EFD05
:1093F000286B401E2863286B40B14AE0502080F360
:109400001188BFF34F8FBFF36F8FFEE7A868E8B3F3
:10941000DFF88C8001261EE0D8F80C00C46804F147
:109420001800FFF7CDFC201DFFF7CAFCE06A2A698F
:1094300006FA00F111432961194900EB8000B439A3
:1094400001EB8000211DFFF7F4FCE06A2968C96A7E
:10945000884200D3EE61D8F800000028DCD10CB1BE
:10946000FFF75CFBAC6944B1FFF750FF00B1EE6160
:10947000641E002CF8D10020A861E86930B10127F2
:10948000084938070860BFF34F8F00E001E0BFF3E1
:109490006F8FFFF7FBFC3846BDE8F081B415002064
:1094A000C828002004ED00E04FF04070E1EE100A03
:1094B00070470000A0950008555400080000000007
:1094C0000000000000020000AC95000825600008C4
:1094D000FDFF000000000000000200008095000871
:1094E000254F0008FDFF0000000000000002000002
:1094F0008C950008656B0008FDFF0000000000006F
:1095000000020000010002000400060008000A003A
:109510000C00100020004000800000010101010348
:109520000701000008040204080101010000000016
:109530000000000001020304060708090000000003
:1095400001020304E4000020080200004B000000B8
:109550000000803F0000803F000080BF0000803F8F
:10956000000080BF0000803F0000803F000080BFFF
:10957000000080BF0000803F0000803F0000803F6F
:10958000494D555F5461736B00000000546F746166
:109590006C5F436F6E74726F6C5F5461736B00002D
:1095A000496E69745F5461736B00000053656C66AB
:1095B000546573745F5461736B000000DC950008A0
:1095C000000000201C160000140200081C9800086F
:1095D0001C1600204C550000780200080211000102
:1095E00012100462010D200624F4004B02095004FD
:1095F00048426E0852930852BA0852E420431003BE
:1096000028523F0852700852A40852DC18014E50EC
:1096100061B80314030001417843803FA0400580F6
:109620003F970408521608015C2043003FF04700B2
:109630003F38D2C010E1205200488108C168720052
:10964000084150022F80606198450072C05865182B
:109650006158012650E198014EB0011660456861DD
:10966000B8570040EF7138C1B0B004803E93080590
:1096700018780146486108560BF8498ED2800801D7
:1096800020B0D24B18B20B0881C8058600C960050E
:109690004000E9784EEE9D04333FB808C004803E98
:1096A00088086560E11871086DA803ED9003B64B5A
:1096B00070756855C065C80910A0C2B89071D861AE
:1096C00018E970E14851D86E4078034D58056DB0E7
:1096D00004FEC01804691851C851080D1688030209
:1096E00017C0B8ED6804CE70C804B33E700861803E
:1096F0000110786140C54861B80168D0ED2005418E
:10970000D0E3C03FC0E1D8E9B04D08056DB003ED2E
:10971000880561685F803E88040EFF3E28050DFFC6
:1097200028050DFF28050D6B2805E1080D84380577
:109730006D20050F54403F3805031E0040C8DDE88A
:10974000030D1F3005EDF8040126C80D2E40050D50
:1097500014400A8DC8080DAE40050DFFA8070D3D49
:10976000A8070914780D38A8070DCE30030D1E7018
:10977000085D8808DB401690BE4BB00A8D900ED273
:109780000B200914C08DA809011650011640011EB6
:1097900080023D9380023D9380053E000C04145AE4
:1097A00000A559100212AA152C05803F01013F1196
:1097B0003D4507CF0201C4085D000DA110A114B101
:1097C0000452BF0402103F08013A0101127C011249
:1097D0008C011630011658031420410C011620018B
:1097E0001A6445040005166F12833A20600517B706
:1097F000D138A2412803FFC842B4057B680F11800D
:109800007F0C030A217F90033F7F00010142440146
:0C981000826401848412AA0121EA000095
:04000005080001D915
:00000001FF
